-- phpMyAdmin SQL Dump
-- version 4.5.1
-- http://www.phpmyadmin.net
--
-- Host: 127.0.0.1
-- Generation Time: Feb 06, 2017 at 07:47 PM
-- Server version: 10.1.16-MariaDB
-- PHP Version: 7.0.9

SET SQL_MODE = "NO_AUTO_VALUE_ON_ZERO";
SET time_zone = "+00:00";


/*!40101 SET @OLD_CHARACTER_SET_CLIENT=@@CHARACTER_SET_CLIENT */;
/*!40101 SET @OLD_CHARACTER_SET_RESULTS=@@CHARACTER_SET_RESULTS */;
/*!40101 SET @OLD_COLLATION_CONNECTION=@@COLLATION_CONNECTION */;
/*!40101 SET NAMES utf8mb4 */;

--
-- Database: `rallocfinal`
--

-- --------------------------------------------------------

--
-- Table structure for table `department`
--

CREATE TABLE `Department` (
  `DepartmentID` int(255) NOT NULL,
  `Name` varchar(255) DEFAULT NULL,
  `Intake` int(255) DEFAULT NULL
) ENGINE=InnoDB DEFAULT CHARSET=latin1;

--
-- Dumping data for table `department`
--

INSERT INTO `Department` (`DepartmentID`, `Name`, `Intake`) VALUES
(1, 'ISE', 90),
(2, 'ECE', 90),
(3, 'TCE', 90),
(4, 'MEC', 200);

-- --------------------------------------------------------

--
-- Table structure for table `departmentsubject`
--

CREATE TABLE `DepartmentSubject` (
  `DepartmentID` int(11) DEFAULT NULL,
  `CourseCode` varchar(255) DEFAULT NULL
) ENGINE=InnoDB DEFAULT CHARSET=latin1;

--
-- Dumping data for table `departmentsubject`
--

INSERT INTO `DepartmentSubject` (`DepartmentID`, `CourseCode`) VALUES
(1, '16IS5DCDBM'),
(1, '16IS5DCDCN'),
(1, '16IS5DCJAV'),
(1, '16IS5DCWEP'),
(1, '16IS5DEAIN'),
(1, '16IS5DEDMG'),
(2, '16EC5DCCSM'),
(2, '16EC5DCCT1'),
(2, '16EC5DCDSP'),
(2, '16EC5DCFOV'),
(2, '16EC5DCMWE'),
(2, '16EC5DE1CA'),
(2, '16EC5DE1IP'),
(2, '16EC5DE1OP'),
(3, '16TE5DCACM'),
(3, '16TE5DCCN1'),
(3, '16TE5DCDTS'),
(3, '16TE5DCLCS'),
(3, '16TE5DCVLI'),
(3, '16TE5DE1OS'),
(4, '16ME5DCCMD'),
(4, '16ME5DCDM2'),
(4, '16ME5DCDOM'),
(4, '16ME5DCFHT'),
(4, '16ME5DCMAE'),
(4, '16ME5DEICE'),
(4, '16ME5DENTM'),
(4, '16ME5DETOE'),
(4, '16ME5DE1FD');

-- --------------------------------------------------------

--
-- Table structure for table `dependency`
--

CREATE TABLE `Dependency` (
  `DependencyID` int(255) NOT NULL,
  `RoomID` int(255) DEFAULT NULL,
  `CourseCode` varchar(255) DEFAULT NULL
) ENGINE=InnoDB DEFAULT CHARSET=latin1;

--
-- Dumping data for table `dependency`
--

INSERT INTO `Dependency` (`DependencyID`, `RoomID`, `CourseCode`) VALUES
(1, 8, '16ME5DCDM2'),
(2, 9, '16ME5DCDM2'),
(3, 8, '16ME5DCCMD'),
(4, 9, '16ME5DCCMD');

-- --------------------------------------------------------

--
-- Table structure for table `room`
--

CREATE TABLE `Room` (
  `RoomID` int(255) NOT NULL,
  `Name` varchar(255) DEFAULT NULL,
  `Capacity` int(255) DEFAULT NULL
) ENGINE=InnoDB DEFAULT CHARSET=latin1;

--
-- Dumping data for table `room`
--

INSERT INTO `Room` (`RoomID`, `Name`, `Capacity`) VALUES
(1, 'C101', 40),
(2, 'C102', 40),
(3, 'C103', 40),
(4, 'C104', 40),
(5, 'C201', 40),
(6, 'C202', 40),
(7, 'C203', 40),
(8, 'ML1', 100),
(9, 'ML2', 100);

-- --------------------------------------------------------

--
-- Table structure for table `student`
--

CREATE TABLE `Student` (
  `USN` varchar(255) NOT NULL,
  `DepartmentID` int(255) DEFAULT NULL
) ENGINE=InnoDB DEFAULT CHARSET=latin1;

--
-- Dumping data for table `student`
--

INSERT INTO `Student` (`USN`, `DepartmentID`) VALUES
('1BM14IS001', 1),
('1BM14IS002', 1),
('1BM14IS003', 1),
('1BM14IS004', 1),
('1BM14IS005', 1),
('1BM14IS006', 1),
('1BM14IS007', 1),
('1BM14IS008', 1),
('1BM14IS009', 1),
('1BM14IS010', 1),
('1BM14IS011', 1),
('1BM14IS012', 1),
('1BM14IS013', 1),
('1BM14IS014', 1),
('1BM14IS015', 1),
('1BM14IS016', 1),
('1BM14IS017', 1),
('1BM14IS018', 1),
('1BM14IS019', 1),
('1BM14IS020', 1),
('1BM14IS021', 1),
('1BM14IS022', 1),
('1BM14IS023', 1),
('1BM14IS024', 1),
('1BM14IS025', 1),
('1BM14IS026', 1),
('1BM14IS027', 1),
('1BM14IS028', 1),
('1BM14IS029', 1),
('1BM14IS030', 1),
('1BM14IS031', 1),
('1BM14IS032', 1),
('1BM14IS033', 1),
('1BM14IS034', 1),
('1BM14IS035', 1),
('1BM14IS036', 1),
('1BM14IS037', 1),
('1BM14IS038', 1),
('1BM14IS039', 1),
('1BM14IS040', 1),
('1BM14IS041', 1),
('1BM14IS042', 1),
('1BM14IS043', 1),
('1BM14IS044', 1),
('1BM14IS045', 1),
('1BM14IS046', 1),
('1BM14IS047', 1),
('1BM14IS048', 1),
('1BM14IS049', 1),
('1BM14IS050', 1),
('1BM14IS051', 1),
('1BM14IS052', 1),
('1BM14IS053', 1),
('1BM14IS054', 1),
('1BM14IS055', 1),
('1BM14IS056', 1),
('1BM14IS057', 1),
('1BM14IS058', 1),
('1BM14IS059', 1),
('1BM14IS060', 1),
('1BM14IS061', 1),
('1BM14IS062', 1),
('1BM14IS063', 1),
('1BM14IS064', 1),
('1BM14IS065', 1),
('1BM14IS066', 1),
('1BM14IS067', 1),
('1BM14IS068', 1),
('1BM14IS069', 1),
('1BM14IS070', 1),
('1BM14IS071', 1),
('1BM14IS072', 1),
('1BM14IS073', 1),
('1BM14IS074', 1),
('1BM14IS075', 1),
('1BM14IS076', 1),
('1BM14IS077', 1),
('1BM14IS078', 1),
('1BM14IS079', 1),
('1BM14IS080', 1),
('1BM14IS081', 1),
('1BM14IS082', 1),
('1BM14IS083', 1),
('1BM14IS084', 1),
('1BM14IS085', 1),
('1BM14IS086', 1),
('1BM14IS087', 1),
('1BM14IS088', 1),
('1BM14IS089', 1),
('1BM14IS090', 1),
('1BM14EC001', 2),
('1BM14EC002', 2),
('1BM14EC003', 2),
('1BM14EC004', 2),
('1BM14EC005', 2),
('1BM14EC006', 2),
('1BM14EC007', 2),
('1BM14EC008', 2),
('1BM14EC009', 2),
('1BM14EC010', 2),
('1BM14EC011', 2),
('1BM14EC012', 2),
('1BM14EC013', 2),
('1BM14EC014', 2),
('1BM14EC015', 2),
('1BM14EC016', 2),
('1BM14EC017', 2),
('1BM14EC018', 2),
('1BM14EC019', 2),
('1BM14EC020', 2),
('1BM14EC021', 2),
('1BM14EC022', 2),
('1BM14EC023', 2),
('1BM14EC024', 2),
('1BM14EC025', 2),
('1BM14EC026', 2),
('1BM14EC027', 2),
('1BM14EC028', 2),
('1BM14EC029', 2),
('1BM14EC030', 2),
('1BM14EC031', 2),
('1BM14EC032', 2),
('1BM14EC033', 2),
('1BM14EC034', 2),
('1BM14EC035', 2),
('1BM14EC036', 2),
('1BM14EC037', 2),
('1BM14EC038', 2),
('1BM14EC039', 2),
('1BM14EC040', 2),
('1BM14EC041', 2),
('1BM14EC042', 2),
('1BM14EC043', 2),
('1BM14EC044', 2),
('1BM14EC045', 2),
('1BM14EC046', 2),
('1BM14EC047', 2),
('1BM14EC048', 2),
('1BM14EC049', 2),
('1BM14EC050', 2),
('1BM14EC051', 2),
('1BM14EC052', 2),
('1BM14EC053', 2),
('1BM14EC054', 2),
('1BM14EC055', 2),
('1BM14EC056', 2),
('1BM14EC057', 2),
('1BM14EC058', 2),
('1BM14EC059', 2),
('1BM14EC060', 2),
('1BM14EC061', 2),
('1BM14EC062', 2),
('1BM14EC063', 2),
('1BM14EC064', 2),
('1BM14EC065', 2),
('1BM14EC066', 2),
('1BM14EC067', 2),
('1BM14EC068', 2),
('1BM14EC069', 2),
('1BM14EC070', 2),
('1BM14EC071', 2),
('1BM14EC072', 2),
('1BM14EC073', 2),
('1BM14EC074', 2),
('1BM14EC075', 2),
('1BM14EC076', 2),
('1BM14EC077', 2),
('1BM14EC078', 2),
('1BM14EC079', 2),
('1BM14EC080', 2),
('1BM14EC081', 2),
('1BM14EC082', 2),
('1BM14EC083', 2),
('1BM14EC084', 2),
('1BM14EC085', 2),
('1BM14EC086', 2),
('1BM14EC087', 2),
('1BM14EC088', 2),
('1BM14EC089', 2),
('1BM14EC090', 2),
('1BM14TE001', 3),
('1BM14TE002', 3),
('1BM14TE003', 3),
('1BM14TE004', 3),
('1BM14TE005', 3),
('1BM14TE006', 3),
('1BM14TE007', 3),
('1BM14TE008', 3),
('1BM14TE009', 3),
('1BM14TE010', 3),
('1BM14TE011', 3),
('1BM14TE012', 3),
('1BM14TE013', 3),
('1BM14TE014', 3),
('1BM14TE015', 3),
('1BM14TE016', 3),
('1BM14TE017', 3),
('1BM14TE018', 3),
('1BM14TE019', 3),
('1BM14TE020', 3),
('1BM14TE021', 3),
('1BM14TE022', 3),
('1BM14TE023', 3),
('1BM14TE024', 3),
('1BM14TE025', 3),
('1BM14TE026', 3),
('1BM14TE027', 3),
('1BM14TE028', 3),
('1BM14TE029', 3),
('1BM14TE030', 3),
('1BM14TE031', 3),
('1BM14TE032', 3),
('1BM14TE033', 3),
('1BM14TE034', 3),
('1BM14TE035', 3),
('1BM14TE036', 3),
('1BM14TE037', 3),
('1BM14TE038', 3),
('1BM14TE039', 3),
('1BM14TE040', 3),
('1BM14TE041', 3),
('1BM14TE042', 3),
('1BM14TE043', 3),
('1BM14TE044', 3),
('1BM14TE045', 3),
('1BM14TE046', 3),
('1BM14TE047', 3),
('1BM14TE048', 3),
('1BM14TE049', 3),
('1BM14TE050', 3),
('1BM14TE051', 3),
('1BM14TE052', 3),
('1BM14TE053', 3),
('1BM14TE054', 3),
('1BM14TE055', 3),
('1BM14TE056', 3),
('1BM14TE057', 3),
('1BM14TE058', 3),
('1BM14TE059', 3),
('1BM14TE060', 3),
('1BM14TE061', 3),
('1BM14TE062', 3),
('1BM14TE063', 3),
('1BM14TE064', 3),
('1BM14TE065', 3),
('1BM14TE066', 3),
('1BM14TE067', 3),
('1BM14TE068', 3),
('1BM14TE069', 3),
('1BM14TE070', 3),
('1BM14TE071', 3),
('1BM14TE072', 3),
('1BM14TE073', 3),
('1BM14TE074', 3),
('1BM14TE075', 3),
('1BM14TE076', 3),
('1BM14TE077', 3),
('1BM14TE078', 3),
('1BM14TE079', 3),
('1BM14TE080', 3),
('1BM14TE081', 3),
('1BM14TE082', 3),
('1BM14TE083', 3),
('1BM14TE084', 3),
('1BM14TE085', 3),
('1BM14TE086', 3),
('1BM14TE087', 3),
('1BM14TE088', 3),
('1BM14TE089', 3),
('1BM14TE090', 3),
('1BM14ME001', 4),
('1BM14ME002', 4),
('1BM14ME003', 4),
('1BM14ME004', 4),
('1BM14ME005', 4),
('1BM14ME006', 4),
('1BM14ME007', 4),
('1BM14ME008', 4),
('1BM14ME009', 4),
('1BM14ME010', 4),
('1BM14ME011', 4),
('1BM14ME012', 4),
('1BM14ME013', 4),
('1BM14ME014', 4),
('1BM14ME015', 4),
('1BM14ME016', 4),
('1BM14ME017', 4),
('1BM14ME018', 4),
('1BM14ME019', 4),
('1BM14ME020', 4),
('1BM14ME021', 4),
('1BM14ME022', 4),
('1BM14ME023', 4),
('1BM14ME024', 4),
('1BM14ME025', 4),
('1BM14ME026', 4),
('1BM14ME027', 4),
('1BM14ME028', 4),
('1BM14ME029', 4),
('1BM14ME030', 4),
('1BM14ME031', 4),
('1BM14ME032', 4),
('1BM14ME033', 4),
('1BM14ME034', 4),
('1BM14ME035', 4),
('1BM14ME036', 4),
('1BM14ME037', 4),
('1BM14ME038', 4),
('1BM14ME039', 4),
('1BM14ME040', 4),
('1BM14ME041', 4),
('1BM14ME042', 4),
('1BM14ME043', 4),
('1BM14ME044', 4),
('1BM14ME045', 4),
('1BM14ME046', 4),
('1BM14ME047', 4),
('1BM14ME048', 4),
('1BM14ME049', 4),
('1BM14ME050', 4),
('1BM14ME051', 4),
('1BM14ME052', 4),
('1BM14ME053', 4),
('1BM14ME054', 4),
('1BM14ME055', 4),
('1BM14ME056', 4),
('1BM14ME057', 4),
('1BM14ME058', 4),
('1BM14ME059', 4),
('1BM14ME060', 4),
('1BM14ME061', 4),
('1BM14ME062', 4),
('1BM14ME063', 4),
('1BM14ME064', 4),
('1BM14ME065', 4),
('1BM14ME066', 4),
('1BM14ME067', 4),
('1BM14ME068', 4),
('1BM14ME069', 4),
('1BM14ME070', 4),
('1BM14ME071', 4),
('1BM14ME072', 4),
('1BM14ME073', 4),
('1BM14ME074', 4),
('1BM14ME075', 4),
('1BM14ME076', 4),
('1BM14ME077', 4),
('1BM14ME078', 4),
('1BM14ME079', 4),
('1BM14ME080', 4),
('1BM14ME081', 4),
('1BM14ME082', 4),
('1BM14ME083', 4),
('1BM14ME084', 4),
('1BM14ME085', 4),
('1BM14ME086', 4),
('1BM14ME087', 4),
('1BM14ME088', 4),
('1BM14ME089', 4),
('1BM14ME090', 4),
('1BM14ME091', 4),
('1BM14ME092', 4),
('1BM14ME093', 4),
('1BM14ME094', 4),
('1BM14ME095', 4),
('1BM14ME096', 4),
('1BM14ME097', 4),
('1BM14ME098', 4),
('1BM14ME099', 4),
('1BM14ME100', 4),
('1BM14ME101', 4),
('1BM14ME102', 4),
('1BM14ME103', 4),
('1BM14ME104', 4),
('1BM14ME105', 4),
('1BM14ME106', 4),
('1BM14ME107', 4),
('1BM14ME108', 4),
('1BM14ME109', 4),
('1BM14ME110', 4),
('1BM14ME111', 4),
('1BM14ME112', 4),
('1BM14ME113', 4),
('1BM14ME114', 4),
('1BM14ME115', 4),
('1BM14ME116', 4),
('1BM14ME117', 4),
('1BM14ME118', 4),
('1BM14ME119', 4),
('1BM14ME120', 4),
('1BM14ME121', 4),
('1BM14ME122', 4),
('1BM14ME123', 4),
('1BM14ME124', 4),
('1BM14ME125', 4),
('1BM14ME126', 4),
('1BM14ME127', 4),
('1BM14ME128', 4),
('1BM14ME129', 4),
('1BM14ME130', 4),
('1BM14ME131', 4),
('1BM14ME132', 4),
('1BM14ME133', 4),
('1BM14ME134', 4),
('1BM14ME135', 4),
('1BM14ME136', 4),
('1BM14ME137', 4),
('1BM14ME138', 4),
('1BM14ME139', 4),
('1BM14ME140', 4),
('1BM14ME141', 4),
('1BM14ME142', 4),
('1BM14ME143', 4),
('1BM14ME144', 4),
('1BM14ME145', 4),
('1BM14ME146', 4),
('1BM14ME147', 4),
('1BM14ME148', 4),
('1BM14ME149', 4),
('1BM14ME150', 4),
('1BM14ME151', 4),
('1BM14ME152', 4),
('1BM14ME153', 4),
('1BM14ME154', 4),
('1BM14ME155', 4),
('1BM14ME156', 4),
('1BM14ME157', 4),
('1BM14ME158', 4),
('1BM14ME159', 4),
('1BM14ME160', 4),
('1BM14ME161', 4),
('1BM14ME162', 4),
('1BM14ME163', 4),
('1BM14ME164', 4),
('1BM14ME165', 4),
('1BM14ME166', 4),
('1BM14ME167', 4),
('1BM14ME168', 4),
('1BM14ME169', 4),
('1BM14ME170', 4),
('1BM14ME171', 4),
('1BM14ME172', 4),
('1BM14ME173', 4),
('1BM14ME174', 4),
('1BM14ME175', 4),
('1BM14ME176', 4),
('1BM14ME177', 4),
('1BM14ME178', 4),
('1BM14ME179', 4),
('1BM14ME180', 4),
('1BM14ME181', 4),
('1BM14ME182', 4),
('1BM14ME183', 4),
('1BM14ME184', 4),
('1BM14ME185', 4),
('1BM14ME186', 4),
('1BM14ME187', 4),
('1BM14ME188', 4),
('1BM14ME189', 4),
('1BM14ME190', 4),
('1BM14ME191', 4),
('1BM14ME192', 4),
('1BM14ME193', 4),
('1BM14ME194', 4),
('1BM14ME195', 4),
('1BM14ME196', 4),
('1BM14ME197', 4),
('1BM14ME198', 4),
('1BM14ME199', 4),
('1BM14ME200', 4);

-- --------------------------------------------------------

--
-- Table structure for table `studentsubject`
--

CREATE TABLE `StudentSubject` (
  `USN` varchar(255) DEFAULT NULL,
  `CourseCode` varchar(255) DEFAULT NULL
) ENGINE=InnoDB DEFAULT CHARSET=latin1;

--
-- Dumping data for table `studentsubject`
--

INSERT INTO `StudentSubject` (`USN`, `CourseCode`) VALUES
('1BM14IS001', '16IS5DCJAV'),
('1BM14IS002', '16IS5DCJAV'),
('1BM14IS003', '16IS5DCJAV'),
('1BM14IS004', '16IS5DCJAV'),
('1BM14IS005', '16IS5DCJAV'),
('1BM14IS006', '16IS5DCJAV'),
('1BM14IS007', '16IS5DCJAV'),
('1BM14IS008', '16IS5DCJAV'),
('1BM14IS009', '16IS5DCJAV'),
('1BM14IS010', '16IS5DCJAV'),
('1BM14IS011', '16IS5DCJAV'),
('1BM14IS012', '16IS5DCJAV'),
('1BM14IS013', '16IS5DCJAV'),
('1BM14IS014', '16IS5DCJAV'),
('1BM14IS015', '16IS5DCJAV'),
('1BM14IS016', '16IS5DCJAV'),
('1BM14IS017', '16IS5DCJAV'),
('1BM14IS018', '16IS5DCJAV'),
('1BM14IS019', '16IS5DCJAV'),
('1BM14IS020', '16IS5DCJAV'),
('1BM14IS021', '16IS5DCJAV'),
('1BM14IS022', '16IS5DCJAV'),
('1BM14IS023', '16IS5DCJAV'),
('1BM14IS024', '16IS5DCJAV'),
('1BM14IS025', '16IS5DCJAV'),
('1BM14IS026', '16IS5DCJAV'),
('1BM14IS027', '16IS5DCJAV'),
('1BM14IS028', '16IS5DCJAV'),
('1BM14IS029', '16IS5DCJAV'),
('1BM14IS030', '16IS5DCJAV'),
('1BM14IS031', '16IS5DCJAV'),
('1BM14IS032', '16IS5DCJAV'),
('1BM14IS033', '16IS5DCJAV'),
('1BM14IS034', '16IS5DCJAV'),
('1BM14IS035', '16IS5DCJAV'),
('1BM14IS036', '16IS5DCJAV'),
('1BM14IS037', '16IS5DCJAV'),
('1BM14IS038', '16IS5DCJAV'),
('1BM14IS039', '16IS5DCJAV'),
('1BM14IS040', '16IS5DCJAV'),
('1BM14IS041', '16IS5DCJAV'),
('1BM14IS042', '16IS5DCJAV'),
('1BM14IS043', '16IS5DCJAV'),
('1BM14IS044', '16IS5DCJAV'),
('1BM14IS045', '16IS5DCJAV'),
('1BM14IS046', '16IS5DCJAV'),
('1BM14IS047', '16IS5DCJAV'),
('1BM14IS048', '16IS5DCJAV'),
('1BM14IS049', '16IS5DCJAV'),
('1BM14IS050', '16IS5DCJAV'),
('1BM14IS051', '16IS5DCJAV'),
('1BM14IS052', '16IS5DCJAV'),
('1BM14IS053', '16IS5DCJAV'),
('1BM14IS054', '16IS5DCJAV'),
('1BM14IS055', '16IS5DCJAV'),
('1BM14IS056', '16IS5DCJAV'),
('1BM14IS057', '16IS5DCJAV'),
('1BM14IS058', '16IS5DCJAV'),
('1BM14IS059', '16IS5DCJAV'),
('1BM14IS060', '16IS5DCJAV'),
('1BM14IS061', '16IS5DCJAV'),
('1BM14IS062', '16IS5DCJAV'),
('1BM14IS063', '16IS5DCJAV'),
('1BM14IS064', '16IS5DCJAV'),
('1BM14IS065', '16IS5DCJAV'),
('1BM14IS066', '16IS5DCJAV'),
('1BM14IS067', '16IS5DCJAV'),
('1BM14IS068', '16IS5DCJAV'),
('1BM14IS069', '16IS5DCJAV'),
('1BM14IS070', '16IS5DCJAV'),
('1BM14IS071', '16IS5DCJAV'),
('1BM14IS072', '16IS5DCJAV'),
('1BM14IS073', '16IS5DCJAV'),
('1BM14IS074', '16IS5DCJAV'),
('1BM14IS075', '16IS5DCJAV'),
('1BM14IS076', '16IS5DCJAV'),
('1BM14IS077', '16IS5DCJAV'),
('1BM14IS078', '16IS5DCJAV'),
('1BM14IS079', '16IS5DCJAV'),
('1BM14IS080', '16IS5DCJAV'),
('1BM14IS081', '16IS5DCJAV'),
('1BM14IS082', '16IS5DCJAV'),
('1BM14IS083', '16IS5DCJAV'),
('1BM14IS084', '16IS5DCJAV'),
('1BM14IS085', '16IS5DCJAV'),
('1BM14IS086', '16IS5DCJAV'),
('1BM14IS087', '16IS5DCJAV'),
('1BM14IS088', '16IS5DCJAV'),
('1BM14IS089', '16IS5DCJAV'),
('1BM14IS090', '16IS5DCJAV'),
('1BM14IS001', '16IS5DCDCN'),
('1BM14IS002', '16IS5DCDCN'),
('1BM14IS003', '16IS5DCDCN'),
('1BM14IS004', '16IS5DCDCN'),
('1BM14IS005', '16IS5DCDCN'),
('1BM14IS006', '16IS5DCDCN'),
('1BM14IS007', '16IS5DCDCN'),
('1BM14IS008', '16IS5DCDCN'),
('1BM14IS009', '16IS5DCDCN'),
('1BM14IS010', '16IS5DCDCN'),
('1BM14IS011', '16IS5DCDCN'),
('1BM14IS012', '16IS5DCDCN'),
('1BM14IS013', '16IS5DCDCN'),
('1BM14IS014', '16IS5DCDCN'),
('1BM14IS015', '16IS5DCDCN'),
('1BM14IS016', '16IS5DCDCN'),
('1BM14IS017', '16IS5DCDCN'),
('1BM14IS018', '16IS5DCDCN'),
('1BM14IS019', '16IS5DCDCN'),
('1BM14IS020', '16IS5DCDCN'),
('1BM14IS021', '16IS5DCDCN'),
('1BM14IS022', '16IS5DCDCN'),
('1BM14IS023', '16IS5DCDCN'),
('1BM14IS024', '16IS5DCDCN'),
('1BM14IS025', '16IS5DCDCN'),
('1BM14IS026', '16IS5DCDCN'),
('1BM14IS027', '16IS5DCDCN'),
('1BM14IS028', '16IS5DCDCN'),
('1BM14IS029', '16IS5DCDCN'),
('1BM14IS030', '16IS5DCDCN'),
('1BM14IS031', '16IS5DCDCN'),
('1BM14IS032', '16IS5DCDCN'),
('1BM14IS033', '16IS5DCDCN'),
('1BM14IS034', '16IS5DCDCN'),
('1BM14IS035', '16IS5DCDCN'),
('1BM14IS036', '16IS5DCDCN'),
('1BM14IS037', '16IS5DCDCN'),
('1BM14IS038', '16IS5DCDCN'),
('1BM14IS039', '16IS5DCDCN'),
('1BM14IS040', '16IS5DCDCN'),
('1BM14IS041', '16IS5DCDCN'),
('1BM14IS042', '16IS5DCDCN'),
('1BM14IS043', '16IS5DCDCN'),
('1BM14IS044', '16IS5DCDCN'),
('1BM14IS045', '16IS5DCDCN'),
('1BM14IS046', '16IS5DCDCN'),
('1BM14IS047', '16IS5DCDCN'),
('1BM14IS048', '16IS5DCDCN'),
('1BM14IS049', '16IS5DCDCN'),
('1BM14IS050', '16IS5DCDCN'),
('1BM14IS051', '16IS5DCDCN'),
('1BM14IS052', '16IS5DCDCN'),
('1BM14IS053', '16IS5DCDCN'),
('1BM14IS054', '16IS5DCDCN'),
('1BM14IS055', '16IS5DCDCN'),
('1BM14IS056', '16IS5DCDCN'),
('1BM14IS057', '16IS5DCDCN'),
('1BM14IS058', '16IS5DCDCN'),
('1BM14IS059', '16IS5DCDCN'),
('1BM14IS060', '16IS5DCDCN'),
('1BM14IS061', '16IS5DCDCN'),
('1BM14IS062', '16IS5DCDCN'),
('1BM14IS063', '16IS5DCDCN'),
('1BM14IS064', '16IS5DCDCN'),
('1BM14IS065', '16IS5DCDCN'),
('1BM14IS066', '16IS5DCDCN'),
('1BM14IS067', '16IS5DCDCN'),
('1BM14IS068', '16IS5DCDCN'),
('1BM14IS069', '16IS5DCDCN'),
('1BM14IS070', '16IS5DCDCN'),
('1BM14IS071', '16IS5DCDCN'),
('1BM14IS072', '16IS5DCDCN'),
('1BM14IS073', '16IS5DCDCN'),
('1BM14IS074', '16IS5DCDCN'),
('1BM14IS075', '16IS5DCDCN'),
('1BM14IS076', '16IS5DCDCN'),
('1BM14IS077', '16IS5DCDCN'),
('1BM14IS078', '16IS5DCDCN'),
('1BM14IS079', '16IS5DCDCN'),
('1BM14IS080', '16IS5DCDCN'),
('1BM14IS081', '16IS5DCDCN'),
('1BM14IS082', '16IS5DCDCN'),
('1BM14IS083', '16IS5DCDCN'),
('1BM14IS084', '16IS5DCDCN'),
('1BM14IS085', '16IS5DCDCN'),
('1BM14IS086', '16IS5DCDCN'),
('1BM14IS087', '16IS5DCDCN'),
('1BM14IS088', '16IS5DCDCN'),
('1BM14IS089', '16IS5DCDCN'),
('1BM14IS090', '16IS5DCDCN'),
('1BM14IS001', '16IS5DCDBM'),
('1BM14IS002', '16IS5DCDBM'),
('1BM14IS003', '16IS5DCDBM'),
('1BM14IS004', '16IS5DCDBM'),
('1BM14IS005', '16IS5DCDBM'),
('1BM14IS006', '16IS5DCDBM'),
('1BM14IS007', '16IS5DCDBM'),
('1BM14IS008', '16IS5DCDBM'),
('1BM14IS009', '16IS5DCDBM'),
('1BM14IS010', '16IS5DCDBM'),
('1BM14IS011', '16IS5DCDBM'),
('1BM14IS012', '16IS5DCDBM'),
('1BM14IS013', '16IS5DCDBM'),
('1BM14IS014', '16IS5DCDBM'),
('1BM14IS015', '16IS5DCDBM'),
('1BM14IS016', '16IS5DCDBM'),
('1BM14IS017', '16IS5DCDBM'),
('1BM14IS018', '16IS5DCDBM'),
('1BM14IS019', '16IS5DCDBM'),
('1BM14IS020', '16IS5DCDBM'),
('1BM14IS021', '16IS5DCDBM'),
('1BM14IS022', '16IS5DCDBM'),
('1BM14IS023', '16IS5DCDBM'),
('1BM14IS024', '16IS5DCDBM'),
('1BM14IS025', '16IS5DCDBM'),
('1BM14IS026', '16IS5DCDBM'),
('1BM14IS027', '16IS5DCDBM'),
('1BM14IS028', '16IS5DCDBM'),
('1BM14IS029', '16IS5DCDBM'),
('1BM14IS030', '16IS5DCDBM'),
('1BM14IS031', '16IS5DCDBM'),
('1BM14IS032', '16IS5DCDBM'),
('1BM14IS033', '16IS5DCDBM'),
('1BM14IS034', '16IS5DCDBM'),
('1BM14IS035', '16IS5DCDBM'),
('1BM14IS036', '16IS5DCDBM'),
('1BM14IS037', '16IS5DCDBM'),
('1BM14IS038', '16IS5DCDBM'),
('1BM14IS039', '16IS5DCDBM'),
('1BM14IS040', '16IS5DCDBM'),
('1BM14IS041', '16IS5DCDBM'),
('1BM14IS042', '16IS5DCDBM'),
('1BM14IS043', '16IS5DCDBM'),
('1BM14IS044', '16IS5DCDBM'),
('1BM14IS045', '16IS5DCDBM'),
('1BM14IS046', '16IS5DCDBM'),
('1BM14IS047', '16IS5DCDBM'),
('1BM14IS048', '16IS5DCDBM'),
('1BM14IS049', '16IS5DCDBM'),
('1BM14IS050', '16IS5DCDBM'),
('1BM14IS051', '16IS5DCDBM'),
('1BM14IS052', '16IS5DCDBM'),
('1BM14IS053', '16IS5DCDBM'),
('1BM14IS054', '16IS5DCDBM'),
('1BM14IS055', '16IS5DCDBM'),
('1BM14IS056', '16IS5DCDBM'),
('1BM14IS057', '16IS5DCDBM'),
('1BM14IS058', '16IS5DCDBM'),
('1BM14IS059', '16IS5DCDBM'),
('1BM14IS060', '16IS5DCDBM'),
('1BM14IS061', '16IS5DCDBM'),
('1BM14IS062', '16IS5DCDBM'),
('1BM14IS063', '16IS5DCDBM'),
('1BM14IS064', '16IS5DCDBM'),
('1BM14IS065', '16IS5DCDBM'),
('1BM14IS066', '16IS5DCDBM'),
('1BM14IS067', '16IS5DCDBM'),
('1BM14IS068', '16IS5DCDBM'),
('1BM14IS069', '16IS5DCDBM'),
('1BM14IS070', '16IS5DCDBM'),
('1BM14IS071', '16IS5DCDBM'),
('1BM14IS072', '16IS5DCDBM'),
('1BM14IS073', '16IS5DCDBM'),
('1BM14IS074', '16IS5DCDBM'),
('1BM14IS075', '16IS5DCDBM'),
('1BM14IS076', '16IS5DCDBM'),
('1BM14IS077', '16IS5DCDBM'),
('1BM14IS078', '16IS5DCDBM'),
('1BM14IS079', '16IS5DCDBM'),
('1BM14IS080', '16IS5DCDBM'),
('1BM14IS081', '16IS5DCDBM'),
('1BM14IS082', '16IS5DCDBM'),
('1BM14IS083', '16IS5DCDBM'),
('1BM14IS084', '16IS5DCDBM'),
('1BM14IS085', '16IS5DCDBM'),
('1BM14IS086', '16IS5DCDBM'),
('1BM14IS087', '16IS5DCDBM'),
('1BM14IS088', '16IS5DCDBM'),
('1BM14IS089', '16IS5DCDBM'),
('1BM14IS090', '16IS5DCDBM'),
('1BM14IS001', '16IS5DCWEP'),
('1BM14IS002', '16IS5DCWEP'),
('1BM14IS003', '16IS5DCWEP'),
('1BM14IS004', '16IS5DCWEP'),
('1BM14IS005', '16IS5DCWEP'),
('1BM14IS006', '16IS5DCWEP'),
('1BM14IS007', '16IS5DCWEP'),
('1BM14IS008', '16IS5DCWEP'),
('1BM14IS009', '16IS5DCWEP'),
('1BM14IS010', '16IS5DCWEP'),
('1BM14IS011', '16IS5DCWEP'),
('1BM14IS012', '16IS5DCWEP'),
('1BM14IS013', '16IS5DCWEP'),
('1BM14IS014', '16IS5DCWEP'),
('1BM14IS015', '16IS5DCWEP'),
('1BM14IS016', '16IS5DCWEP'),
('1BM14IS017', '16IS5DCWEP'),
('1BM14IS018', '16IS5DCWEP'),
('1BM14IS019', '16IS5DCWEP'),
('1BM14IS020', '16IS5DCWEP'),
('1BM14IS021', '16IS5DCWEP'),
('1BM14IS022', '16IS5DCWEP'),
('1BM14IS023', '16IS5DCWEP'),
('1BM14IS024', '16IS5DCWEP'),
('1BM14IS025', '16IS5DCWEP'),
('1BM14IS026', '16IS5DCWEP'),
('1BM14IS027', '16IS5DCWEP'),
('1BM14IS028', '16IS5DCWEP'),
('1BM14IS029', '16IS5DCWEP'),
('1BM14IS030', '16IS5DCWEP'),
('1BM14IS031', '16IS5DCWEP'),
('1BM14IS032', '16IS5DCWEP'),
('1BM14IS033', '16IS5DCWEP'),
('1BM14IS034', '16IS5DCWEP'),
('1BM14IS035', '16IS5DCWEP'),
('1BM14IS036', '16IS5DCWEP'),
('1BM14IS037', '16IS5DCWEP'),
('1BM14IS038', '16IS5DCWEP'),
('1BM14IS039', '16IS5DCWEP'),
('1BM14IS040', '16IS5DCWEP'),
('1BM14IS041', '16IS5DCWEP'),
('1BM14IS042', '16IS5DCWEP'),
('1BM14IS043', '16IS5DCWEP'),
('1BM14IS044', '16IS5DCWEP'),
('1BM14IS045', '16IS5DCWEP'),
('1BM14IS046', '16IS5DCWEP'),
('1BM14IS047', '16IS5DCWEP'),
('1BM14IS048', '16IS5DCWEP'),
('1BM14IS049', '16IS5DCWEP'),
('1BM14IS050', '16IS5DCWEP'),
('1BM14IS051', '16IS5DCWEP'),
('1BM14IS052', '16IS5DCWEP'),
('1BM14IS053', '16IS5DCWEP'),
('1BM14IS054', '16IS5DCWEP'),
('1BM14IS055', '16IS5DCWEP'),
('1BM14IS056', '16IS5DCWEP'),
('1BM14IS057', '16IS5DCWEP'),
('1BM14IS058', '16IS5DCWEP'),
('1BM14IS059', '16IS5DCWEP'),
('1BM14IS060', '16IS5DCWEP'),
('1BM14IS061', '16IS5DCWEP'),
('1BM14IS062', '16IS5DCWEP'),
('1BM14IS063', '16IS5DCWEP'),
('1BM14IS064', '16IS5DCWEP'),
('1BM14IS065', '16IS5DCWEP'),
('1BM14IS066', '16IS5DCWEP'),
('1BM14IS067', '16IS5DCWEP'),
('1BM14IS068', '16IS5DCWEP'),
('1BM14IS069', '16IS5DCWEP'),
('1BM14IS070', '16IS5DCWEP'),
('1BM14IS071', '16IS5DCWEP'),
('1BM14IS072', '16IS5DCWEP'),
('1BM14IS073', '16IS5DCWEP'),
('1BM14IS074', '16IS5DCWEP'),
('1BM14IS075', '16IS5DCWEP'),
('1BM14IS076', '16IS5DCWEP'),
('1BM14IS077', '16IS5DCWEP'),
('1BM14IS078', '16IS5DCWEP'),
('1BM14IS079', '16IS5DCWEP'),
('1BM14IS080', '16IS5DCWEP'),
('1BM14IS081', '16IS5DCWEP'),
('1BM14IS082', '16IS5DCWEP'),
('1BM14IS083', '16IS5DCWEP'),
('1BM14IS084', '16IS5DCWEP'),
('1BM14IS085', '16IS5DCWEP'),
('1BM14IS086', '16IS5DCWEP'),
('1BM14IS087', '16IS5DCWEP'),
('1BM14IS088', '16IS5DCWEP'),
('1BM14IS089', '16IS5DCWEP'),
('1BM14IS090', '16IS5DCWEP'),
('1BM14IS001', '16IS5DEDMG'),
('1BM14IS003', '16IS5DEDMG'),
('1BM14IS005', '16IS5DEDMG'),
('1BM14IS007', '16IS5DEDMG'),
('1BM14IS009', '16IS5DEDMG'),
('1BM14IS011', '16IS5DEDMG'),
('1BM14IS013', '16IS5DEDMG'),
('1BM14IS015', '16IS5DEDMG'),
('1BM14IS017', '16IS5DEDMG'),
('1BM14IS019', '16IS5DEDMG'),
('1BM14IS021', '16IS5DEDMG'),
('1BM14IS023', '16IS5DEDMG'),
('1BM14IS025', '16IS5DEDMG'),
('1BM14IS027', '16IS5DEDMG'),
('1BM14IS029', '16IS5DEDMG'),
('1BM14IS031', '16IS5DEDMG'),
('1BM14IS033', '16IS5DEDMG'),
('1BM14IS035', '16IS5DEDMG'),
('1BM14IS037', '16IS5DEDMG'),
('1BM14IS039', '16IS5DEDMG'),
('1BM14IS041', '16IS5DEDMG'),
('1BM14IS043', '16IS5DEDMG'),
('1BM14IS045', '16IS5DEDMG'),
('1BM14IS047', '16IS5DEDMG'),
('1BM14IS049', '16IS5DEDMG'),
('1BM14IS051', '16IS5DEDMG'),
('1BM14IS053', '16IS5DEDMG'),
('1BM14IS055', '16IS5DEDMG'),
('1BM14IS057', '16IS5DEDMG'),
('1BM14IS059', '16IS5DEDMG'),
('1BM14IS061', '16IS5DEDMG'),
('1BM14IS063', '16IS5DEDMG'),
('1BM14IS065', '16IS5DEDMG'),
('1BM14IS067', '16IS5DEDMG'),
('1BM14IS069', '16IS5DEDMG'),
('1BM14IS071', '16IS5DEDMG'),
('1BM14IS073', '16IS5DEDMG'),
('1BM14IS075', '16IS5DEDMG'),
('1BM14IS077', '16IS5DEDMG'),
('1BM14IS079', '16IS5DEDMG'),
('1BM14IS081', '16IS5DEDMG'),
('1BM14IS083', '16IS5DEDMG'),
('1BM14IS085', '16IS5DEDMG'),
('1BM14IS087', '16IS5DEDMG'),
('1BM14IS089', '16IS5DEDMG'),
('1BM14IS002', '16IS5DEAIN'),
('1BM14IS004', '16IS5DEAIN'),
('1BM14IS006', '16IS5DEAIN'),
('1BM14IS008', '16IS5DEAIN'),
('1BM14IS010', '16IS5DEAIN'),
('1BM14IS012', '16IS5DEAIN'),
('1BM14IS014', '16IS5DEAIN'),
('1BM14IS016', '16IS5DEAIN'),
('1BM14IS018', '16IS5DEAIN'),
('1BM14IS020', '16IS5DEAIN'),
('1BM14IS022', '16IS5DEAIN'),
('1BM14IS024', '16IS5DEAIN'),
('1BM14IS026', '16IS5DEAIN'),
('1BM14IS028', '16IS5DEAIN'),
('1BM14IS030', '16IS5DEAIN'),
('1BM14IS032', '16IS5DEAIN'),
('1BM14IS034', '16IS5DEAIN'),
('1BM14IS036', '16IS5DEAIN'),
('1BM14IS038', '16IS5DEAIN'),
('1BM14IS040', '16IS5DEAIN'),
('1BM14IS042', '16IS5DEAIN'),
('1BM14IS044', '16IS5DEAIN'),
('1BM14IS046', '16IS5DEAIN'),
('1BM14IS048', '16IS5DEAIN'),
('1BM14IS050', '16IS5DEAIN'),
('1BM14IS052', '16IS5DEAIN'),
('1BM14IS054', '16IS5DEAIN'),
('1BM14IS056', '16IS5DEAIN'),
('1BM14IS058', '16IS5DEAIN'),
('1BM14IS060', '16IS5DEAIN'),
('1BM14IS062', '16IS5DEAIN'),
('1BM14IS064', '16IS5DEAIN'),
('1BM14IS066', '16IS5DEAIN'),
('1BM14IS068', '16IS5DEAIN'),
('1BM14IS070', '16IS5DEAIN'),
('1BM14IS072', '16IS5DEAIN'),
('1BM14IS074', '16IS5DEAIN'),
('1BM14IS076', '16IS5DEAIN'),
('1BM14IS078', '16IS5DEAIN'),
('1BM14IS080', '16IS5DEAIN'),
('1BM14IS082', '16IS5DEAIN'),
('1BM14IS084', '16IS5DEAIN'),
('1BM14IS086', '16IS5DEAIN'),
('1BM14IS088', '16IS5DEAIN'),
('1BM14IS090', '16IS5DEAIN'),
('1BM14EC001', '16EC5DCCT1'),
('1BM14EC002', '16EC5DCCT1'),
('1BM14EC003', '16EC5DCCT1'),
('1BM14EC004', '16EC5DCCT1'),
('1BM14EC005', '16EC5DCCT1'),
('1BM14EC006', '16EC5DCCT1'),
('1BM14EC007', '16EC5DCCT1'),
('1BM14EC008', '16EC5DCCT1'),
('1BM14EC009', '16EC5DCCT1'),
('1BM14EC010', '16EC5DCCT1'),
('1BM14EC011', '16EC5DCCT1'),
('1BM14EC012', '16EC5DCCT1'),
('1BM14EC013', '16EC5DCCT1'),
('1BM14EC014', '16EC5DCCT1'),
('1BM14EC015', '16EC5DCCT1'),
('1BM14EC016', '16EC5DCCT1'),
('1BM14EC017', '16EC5DCCT1'),
('1BM14EC018', '16EC5DCCT1'),
('1BM14EC019', '16EC5DCCT1'),
('1BM14EC020', '16EC5DCCT1'),
('1BM14EC021', '16EC5DCCT1'),
('1BM14EC022', '16EC5DCCT1'),
('1BM14EC023', '16EC5DCCT1'),
('1BM14EC024', '16EC5DCCT1'),
('1BM14EC025', '16EC5DCCT1'),
('1BM14EC026', '16EC5DCCT1'),
('1BM14EC027', '16EC5DCCT1'),
('1BM14EC028', '16EC5DCCT1'),
('1BM14EC029', '16EC5DCCT1'),
('1BM14EC030', '16EC5DCCT1'),
('1BM14EC031', '16EC5DCCT1'),
('1BM14EC032', '16EC5DCCT1'),
('1BM14EC033', '16EC5DCCT1'),
('1BM14EC034', '16EC5DCCT1'),
('1BM14EC035', '16EC5DCCT1'),
('1BM14EC036', '16EC5DCCT1'),
('1BM14EC037', '16EC5DCCT1'),
('1BM14EC038', '16EC5DCCT1'),
('1BM14EC039', '16EC5DCCT1'),
('1BM14EC040', '16EC5DCCT1'),
('1BM14EC041', '16EC5DCCT1'),
('1BM14EC042', '16EC5DCCT1'),
('1BM14EC043', '16EC5DCCT1'),
('1BM14EC044', '16EC5DCCT1'),
('1BM14EC045', '16EC5DCCT1'),
('1BM14EC046', '16EC5DCCT1'),
('1BM14EC047', '16EC5DCCT1'),
('1BM14EC048', '16EC5DCCT1'),
('1BM14EC049', '16EC5DCCT1'),
('1BM14EC050', '16EC5DCCT1'),
('1BM14EC051', '16EC5DCCT1'),
('1BM14EC052', '16EC5DCCT1'),
('1BM14EC053', '16EC5DCCT1'),
('1BM14EC054', '16EC5DCCT1'),
('1BM14EC055', '16EC5DCCT1'),
('1BM14EC056', '16EC5DCCT1'),
('1BM14EC057', '16EC5DCCT1'),
('1BM14EC058', '16EC5DCCT1'),
('1BM14EC059', '16EC5DCCT1'),
('1BM14EC060', '16EC5DCCT1'),
('1BM14EC061', '16EC5DCCT1'),
('1BM14EC062', '16EC5DCCT1'),
('1BM14EC063', '16EC5DCCT1'),
('1BM14EC064', '16EC5DCCT1'),
('1BM14EC065', '16EC5DCCT1'),
('1BM14EC066', '16EC5DCCT1'),
('1BM14EC067', '16EC5DCCT1'),
('1BM14EC068', '16EC5DCCT1'),
('1BM14EC069', '16EC5DCCT1'),
('1BM14EC070', '16EC5DCCT1'),
('1BM14EC071', '16EC5DCCT1'),
('1BM14EC072', '16EC5DCCT1'),
('1BM14EC073', '16EC5DCCT1'),
('1BM14EC074', '16EC5DCCT1'),
('1BM14EC075', '16EC5DCCT1'),
('1BM14EC076', '16EC5DCCT1'),
('1BM14EC077', '16EC5DCCT1'),
('1BM14EC078', '16EC5DCCT1'),
('1BM14EC079', '16EC5DCCT1'),
('1BM14EC080', '16EC5DCCT1'),
('1BM14EC081', '16EC5DCCT1'),
('1BM14EC082', '16EC5DCCT1'),
('1BM14EC083', '16EC5DCCT1'),
('1BM14EC084', '16EC5DCCT1'),
('1BM14EC085', '16EC5DCCT1'),
('1BM14EC086', '16EC5DCCT1'),
('1BM14EC087', '16EC5DCCT1'),
('1BM14EC088', '16EC5DCCT1'),
('1BM14EC089', '16EC5DCCT1'),
('1BM14EC090', '16EC5DCCT1'),
('1BM14EC001', '16EC5DCDSP'),
('1BM14EC002', '16EC5DCDSP'),
('1BM14EC003', '16EC5DCDSP'),
('1BM14EC004', '16EC5DCDSP'),
('1BM14EC005', '16EC5DCDSP'),
('1BM14EC006', '16EC5DCDSP'),
('1BM14EC007', '16EC5DCDSP'),
('1BM14EC008', '16EC5DCDSP'),
('1BM14EC009', '16EC5DCDSP'),
('1BM14EC010', '16EC5DCDSP'),
('1BM14EC011', '16EC5DCDSP'),
('1BM14EC012', '16EC5DCDSP'),
('1BM14EC013', '16EC5DCDSP'),
('1BM14EC014', '16EC5DCDSP'),
('1BM14EC015', '16EC5DCDSP'),
('1BM14EC016', '16EC5DCDSP'),
('1BM14EC017', '16EC5DCDSP'),
('1BM14EC018', '16EC5DCDSP'),
('1BM14EC019', '16EC5DCDSP'),
('1BM14EC020', '16EC5DCDSP'),
('1BM14EC021', '16EC5DCDSP'),
('1BM14EC022', '16EC5DCDSP'),
('1BM14EC023', '16EC5DCDSP'),
('1BM14EC024', '16EC5DCDSP'),
('1BM14EC025', '16EC5DCDSP'),
('1BM14EC026', '16EC5DCDSP'),
('1BM14EC027', '16EC5DCDSP'),
('1BM14EC028', '16EC5DCDSP'),
('1BM14EC029', '16EC5DCDSP'),
('1BM14EC030', '16EC5DCDSP'),
('1BM14EC031', '16EC5DCDSP'),
('1BM14EC032', '16EC5DCDSP'),
('1BM14EC033', '16EC5DCDSP'),
('1BM14EC034', '16EC5DCDSP'),
('1BM14EC035', '16EC5DCDSP'),
('1BM14EC036', '16EC5DCDSP'),
('1BM14EC037', '16EC5DCDSP'),
('1BM14EC038', '16EC5DCDSP'),
('1BM14EC039', '16EC5DCDSP'),
('1BM14EC040', '16EC5DCDSP'),
('1BM14EC041', '16EC5DCDSP'),
('1BM14EC042', '16EC5DCDSP'),
('1BM14EC043', '16EC5DCDSP'),
('1BM14EC044', '16EC5DCDSP'),
('1BM14EC045', '16EC5DCDSP'),
('1BM14EC046', '16EC5DCDSP'),
('1BM14EC047', '16EC5DCDSP'),
('1BM14EC048', '16EC5DCDSP'),
('1BM14EC049', '16EC5DCDSP'),
('1BM14EC050', '16EC5DCDSP'),
('1BM14EC051', '16EC5DCDSP'),
('1BM14EC052', '16EC5DCDSP'),
('1BM14EC053', '16EC5DCDSP'),
('1BM14EC054', '16EC5DCDSP'),
('1BM14EC055', '16EC5DCDSP'),
('1BM14EC056', '16EC5DCDSP'),
('1BM14EC057', '16EC5DCDSP'),
('1BM14EC058', '16EC5DCDSP'),
('1BM14EC059', '16EC5DCDSP'),
('1BM14EC060', '16EC5DCDSP'),
('1BM14EC061', '16EC5DCDSP'),
('1BM14EC062', '16EC5DCDSP'),
('1BM14EC063', '16EC5DCDSP'),
('1BM14EC064', '16EC5DCDSP'),
('1BM14EC065', '16EC5DCDSP'),
('1BM14EC066', '16EC5DCDSP'),
('1BM14EC067', '16EC5DCDSP'),
('1BM14EC068', '16EC5DCDSP'),
('1BM14EC069', '16EC5DCDSP'),
('1BM14EC070', '16EC5DCDSP'),
('1BM14EC071', '16EC5DCDSP'),
('1BM14EC072', '16EC5DCDSP'),
('1BM14EC073', '16EC5DCDSP'),
('1BM14EC074', '16EC5DCDSP'),
('1BM14EC075', '16EC5DCDSP'),
('1BM14EC076', '16EC5DCDSP'),
('1BM14EC077', '16EC5DCDSP'),
('1BM14EC078', '16EC5DCDSP'),
('1BM14EC079', '16EC5DCDSP'),
('1BM14EC080', '16EC5DCDSP'),
('1BM14EC081', '16EC5DCDSP'),
('1BM14EC082', '16EC5DCDSP'),
('1BM14EC083', '16EC5DCDSP'),
('1BM14EC084', '16EC5DCDSP'),
('1BM14EC085', '16EC5DCDSP'),
('1BM14EC086', '16EC5DCDSP'),
('1BM14EC087', '16EC5DCDSP'),
('1BM14EC088', '16EC5DCDSP'),
('1BM14EC089', '16EC5DCDSP'),
('1BM14EC090', '16EC5DCDSP'),
('1BM14EC001', '16EC5DCFOV'),
('1BM14EC002', '16EC5DCFOV'),
('1BM14EC003', '16EC5DCFOV'),
('1BM14EC004', '16EC5DCFOV'),
('1BM14EC005', '16EC5DCFOV'),
('1BM14EC006', '16EC5DCFOV'),
('1BM14EC007', '16EC5DCFOV'),
('1BM14EC008', '16EC5DCFOV'),
('1BM14EC009', '16EC5DCFOV'),
('1BM14EC010', '16EC5DCFOV'),
('1BM14EC011', '16EC5DCFOV'),
('1BM14EC012', '16EC5DCFOV'),
('1BM14EC013', '16EC5DCFOV'),
('1BM14EC014', '16EC5DCFOV'),
('1BM14EC015', '16EC5DCFOV'),
('1BM14EC016', '16EC5DCFOV'),
('1BM14EC017', '16EC5DCFOV'),
('1BM14EC018', '16EC5DCFOV'),
('1BM14EC019', '16EC5DCFOV'),
('1BM14EC020', '16EC5DCFOV'),
('1BM14EC021', '16EC5DCFOV'),
('1BM14EC022', '16EC5DCFOV'),
('1BM14EC023', '16EC5DCFOV'),
('1BM14EC024', '16EC5DCFOV'),
('1BM14EC025', '16EC5DCFOV'),
('1BM14EC026', '16EC5DCFOV'),
('1BM14EC027', '16EC5DCFOV'),
('1BM14EC028', '16EC5DCFOV'),
('1BM14EC029', '16EC5DCFOV'),
('1BM14EC030', '16EC5DCFOV'),
('1BM14EC031', '16EC5DCFOV'),
('1BM14EC032', '16EC5DCFOV'),
('1BM14EC033', '16EC5DCFOV'),
('1BM14EC034', '16EC5DCFOV'),
('1BM14EC035', '16EC5DCFOV'),
('1BM14EC036', '16EC5DCFOV'),
('1BM14EC037', '16EC5DCFOV'),
('1BM14EC038', '16EC5DCFOV'),
('1BM14EC039', '16EC5DCFOV'),
('1BM14EC040', '16EC5DCFOV'),
('1BM14EC041', '16EC5DCFOV'),
('1BM14EC042', '16EC5DCFOV'),
('1BM14EC043', '16EC5DCFOV'),
('1BM14EC044', '16EC5DCFOV'),
('1BM14EC045', '16EC5DCFOV'),
('1BM14EC046', '16EC5DCFOV'),
('1BM14EC047', '16EC5DCFOV'),
('1BM14EC048', '16EC5DCFOV'),
('1BM14EC049', '16EC5DCFOV'),
('1BM14EC050', '16EC5DCFOV'),
('1BM14EC051', '16EC5DCFOV'),
('1BM14EC052', '16EC5DCFOV'),
('1BM14EC053', '16EC5DCFOV'),
('1BM14EC054', '16EC5DCFOV'),
('1BM14EC055', '16EC5DCFOV'),
('1BM14EC056', '16EC5DCFOV'),
('1BM14EC057', '16EC5DCFOV'),
('1BM14EC058', '16EC5DCFOV'),
('1BM14EC059', '16EC5DCFOV'),
('1BM14EC060', '16EC5DCFOV'),
('1BM14EC061', '16EC5DCFOV'),
('1BM14EC062', '16EC5DCFOV'),
('1BM14EC063', '16EC5DCFOV'),
('1BM14EC064', '16EC5DCFOV'),
('1BM14EC065', '16EC5DCFOV'),
('1BM14EC066', '16EC5DCFOV'),
('1BM14EC067', '16EC5DCFOV'),
('1BM14EC068', '16EC5DCFOV'),
('1BM14EC069', '16EC5DCFOV'),
('1BM14EC070', '16EC5DCFOV'),
('1BM14EC071', '16EC5DCFOV'),
('1BM14EC072', '16EC5DCFOV'),
('1BM14EC073', '16EC5DCFOV'),
('1BM14EC074', '16EC5DCFOV'),
('1BM14EC075', '16EC5DCFOV'),
('1BM14EC076', '16EC5DCFOV'),
('1BM14EC077', '16EC5DCFOV'),
('1BM14EC078', '16EC5DCFOV'),
('1BM14EC079', '16EC5DCFOV'),
('1BM14EC080', '16EC5DCFOV'),
('1BM14EC081', '16EC5DCFOV'),
('1BM14EC082', '16EC5DCFOV'),
('1BM14EC083', '16EC5DCFOV'),
('1BM14EC084', '16EC5DCFOV'),
('1BM14EC085', '16EC5DCFOV'),
('1BM14EC086', '16EC5DCFOV'),
('1BM14EC087', '16EC5DCFOV'),
('1BM14EC088', '16EC5DCFOV'),
('1BM14EC089', '16EC5DCFOV'),
('1BM14EC090', '16EC5DCFOV'),
('1BM14EC001', '16EC5DCMWE'),
('1BM14EC002', '16EC5DCMWE'),
('1BM14EC003', '16EC5DCMWE'),
('1BM14EC004', '16EC5DCMWE'),
('1BM14EC005', '16EC5DCMWE'),
('1BM14EC006', '16EC5DCMWE'),
('1BM14EC007', '16EC5DCMWE'),
('1BM14EC008', '16EC5DCMWE'),
('1BM14EC009', '16EC5DCMWE'),
('1BM14EC010', '16EC5DCMWE'),
('1BM14EC011', '16EC5DCMWE'),
('1BM14EC012', '16EC5DCMWE'),
('1BM14EC013', '16EC5DCMWE'),
('1BM14EC014', '16EC5DCMWE'),
('1BM14EC015', '16EC5DCMWE'),
('1BM14EC016', '16EC5DCMWE'),
('1BM14EC017', '16EC5DCMWE'),
('1BM14EC018', '16EC5DCMWE'),
('1BM14EC019', '16EC5DCMWE'),
('1BM14EC020', '16EC5DCMWE'),
('1BM14EC021', '16EC5DCMWE'),
('1BM14EC022', '16EC5DCMWE'),
('1BM14EC023', '16EC5DCMWE'),
('1BM14EC024', '16EC5DCMWE'),
('1BM14EC025', '16EC5DCMWE'),
('1BM14EC026', '16EC5DCMWE'),
('1BM14EC027', '16EC5DCMWE'),
('1BM14EC028', '16EC5DCMWE'),
('1BM14EC029', '16EC5DCMWE'),
('1BM14EC030', '16EC5DCMWE'),
('1BM14EC031', '16EC5DCMWE'),
('1BM14EC032', '16EC5DCMWE'),
('1BM14EC033', '16EC5DCMWE'),
('1BM14EC034', '16EC5DCMWE'),
('1BM14EC035', '16EC5DCMWE'),
('1BM14EC036', '16EC5DCMWE'),
('1BM14EC037', '16EC5DCMWE'),
('1BM14EC038', '16EC5DCMWE'),
('1BM14EC039', '16EC5DCMWE'),
('1BM14EC040', '16EC5DCMWE'),
('1BM14EC041', '16EC5DCMWE'),
('1BM14EC042', '16EC5DCMWE'),
('1BM14EC043', '16EC5DCMWE'),
('1BM14EC044', '16EC5DCMWE'),
('1BM14EC045', '16EC5DCMWE'),
('1BM14EC046', '16EC5DCMWE'),
('1BM14EC047', '16EC5DCMWE'),
('1BM14EC048', '16EC5DCMWE'),
('1BM14EC049', '16EC5DCMWE'),
('1BM14EC050', '16EC5DCMWE'),
('1BM14EC051', '16EC5DCMWE'),
('1BM14EC052', '16EC5DCMWE'),
('1BM14EC053', '16EC5DCMWE'),
('1BM14EC054', '16EC5DCMWE'),
('1BM14EC055', '16EC5DCMWE'),
('1BM14EC056', '16EC5DCMWE'),
('1BM14EC057', '16EC5DCMWE'),
('1BM14EC058', '16EC5DCMWE'),
('1BM14EC059', '16EC5DCMWE'),
('1BM14EC060', '16EC5DCMWE'),
('1BM14EC061', '16EC5DCMWE'),
('1BM14EC062', '16EC5DCMWE'),
('1BM14EC063', '16EC5DCMWE'),
('1BM14EC064', '16EC5DCMWE'),
('1BM14EC065', '16EC5DCMWE'),
('1BM14EC066', '16EC5DCMWE'),
('1BM14EC067', '16EC5DCMWE'),
('1BM14EC068', '16EC5DCMWE'),
('1BM14EC069', '16EC5DCMWE'),
('1BM14EC070', '16EC5DCMWE'),
('1BM14EC071', '16EC5DCMWE'),
('1BM14EC072', '16EC5DCMWE'),
('1BM14EC073', '16EC5DCMWE'),
('1BM14EC074', '16EC5DCMWE'),
('1BM14EC075', '16EC5DCMWE'),
('1BM14EC076', '16EC5DCMWE'),
('1BM14EC077', '16EC5DCMWE'),
('1BM14EC078', '16EC5DCMWE'),
('1BM14EC079', '16EC5DCMWE'),
('1BM14EC080', '16EC5DCMWE'),
('1BM14EC081', '16EC5DCMWE'),
('1BM14EC082', '16EC5DCMWE'),
('1BM14EC083', '16EC5DCMWE'),
('1BM14EC084', '16EC5DCMWE'),
('1BM14EC085', '16EC5DCMWE'),
('1BM14EC086', '16EC5DCMWE'),
('1BM14EC087', '16EC5DCMWE'),
('1BM14EC088', '16EC5DCMWE'),
('1BM14EC089', '16EC5DCMWE'),
('1BM14EC090', '16EC5DCMWE'),
('1BM14EC001', '16EC5DCCSM'),
('1BM14EC002', '16EC5DCCSM'),
('1BM14EC003', '16EC5DCCSM'),
('1BM14EC004', '16EC5DCCSM'),
('1BM14EC005', '16EC5DCCSM'),
('1BM14EC006', '16EC5DCCSM'),
('1BM14EC007', '16EC5DCCSM'),
('1BM14EC008', '16EC5DCCSM'),
('1BM14EC009', '16EC5DCCSM'),
('1BM14EC010', '16EC5DCCSM'),
('1BM14EC011', '16EC5DCCSM'),
('1BM14EC012', '16EC5DCCSM'),
('1BM14EC013', '16EC5DCCSM'),
('1BM14EC014', '16EC5DCCSM'),
('1BM14EC015', '16EC5DCCSM'),
('1BM14EC016', '16EC5DCCSM'),
('1BM14EC017', '16EC5DCCSM'),
('1BM14EC018', '16EC5DCCSM'),
('1BM14EC019', '16EC5DCCSM'),
('1BM14EC020', '16EC5DCCSM'),
('1BM14EC021', '16EC5DCCSM'),
('1BM14EC022', '16EC5DCCSM'),
('1BM14EC023', '16EC5DCCSM'),
('1BM14EC024', '16EC5DCCSM'),
('1BM14EC025', '16EC5DCCSM'),
('1BM14EC026', '16EC5DCCSM'),
('1BM14EC027', '16EC5DCCSM'),
('1BM14EC028', '16EC5DCCSM'),
('1BM14EC029', '16EC5DCCSM'),
('1BM14EC030', '16EC5DCCSM'),
('1BM14EC031', '16EC5DCCSM'),
('1BM14EC032', '16EC5DCCSM'),
('1BM14EC033', '16EC5DCCSM'),
('1BM14EC034', '16EC5DCCSM'),
('1BM14EC035', '16EC5DCCSM'),
('1BM14EC036', '16EC5DCCSM'),
('1BM14EC037', '16EC5DCCSM'),
('1BM14EC038', '16EC5DCCSM'),
('1BM14EC039', '16EC5DCCSM'),
('1BM14EC040', '16EC5DCCSM'),
('1BM14EC041', '16EC5DCCSM'),
('1BM14EC042', '16EC5DCCSM'),
('1BM14EC043', '16EC5DCCSM'),
('1BM14EC044', '16EC5DCCSM'),
('1BM14EC045', '16EC5DCCSM'),
('1BM14EC046', '16EC5DCCSM'),
('1BM14EC047', '16EC5DCCSM'),
('1BM14EC048', '16EC5DCCSM'),
('1BM14EC049', '16EC5DCCSM'),
('1BM14EC050', '16EC5DCCSM'),
('1BM14EC051', '16EC5DCCSM'),
('1BM14EC052', '16EC5DCCSM'),
('1BM14EC053', '16EC5DCCSM'),
('1BM14EC054', '16EC5DCCSM'),
('1BM14EC055', '16EC5DCCSM'),
('1BM14EC056', '16EC5DCCSM'),
('1BM14EC057', '16EC5DCCSM'),
('1BM14EC058', '16EC5DCCSM'),
('1BM14EC059', '16EC5DCCSM'),
('1BM14EC060', '16EC5DCCSM'),
('1BM14EC061', '16EC5DCCSM'),
('1BM14EC062', '16EC5DCCSM'),
('1BM14EC063', '16EC5DCCSM'),
('1BM14EC064', '16EC5DCCSM'),
('1BM14EC065', '16EC5DCCSM'),
('1BM14EC066', '16EC5DCCSM'),
('1BM14EC067', '16EC5DCCSM'),
('1BM14EC068', '16EC5DCCSM'),
('1BM14EC069', '16EC5DCCSM'),
('1BM14EC070', '16EC5DCCSM'),
('1BM14EC071', '16EC5DCCSM'),
('1BM14EC072', '16EC5DCCSM'),
('1BM14EC073', '16EC5DCCSM'),
('1BM14EC074', '16EC5DCCSM'),
('1BM14EC075', '16EC5DCCSM'),
('1BM14EC076', '16EC5DCCSM'),
('1BM14EC077', '16EC5DCCSM'),
('1BM14EC078', '16EC5DCCSM'),
('1BM14EC079', '16EC5DCCSM'),
('1BM14EC080', '16EC5DCCSM'),
('1BM14EC081', '16EC5DCCSM'),
('1BM14EC082', '16EC5DCCSM'),
('1BM14EC083', '16EC5DCCSM'),
('1BM14EC084', '16EC5DCCSM'),
('1BM14EC085', '16EC5DCCSM'),
('1BM14EC086', '16EC5DCCSM'),
('1BM14EC087', '16EC5DCCSM'),
('1BM14EC088', '16EC5DCCSM'),
('1BM14EC089', '16EC5DCCSM'),
('1BM14EC090', '16EC5DCCSM'),
('1BM14EC001', '16EC5DE1IP'),
('1BM14EC002', '16EC5DE1IP'),
('1BM14EC003', '16EC5DE1IP'),
('1BM14EC004', '16EC5DE1IP'),
('1BM14EC005', '16EC5DE1IP'),
('1BM14EC006', '16EC5DE1IP'),
('1BM14EC007', '16EC5DE1IP'),
('1BM14EC008', '16EC5DE1IP'),
('1BM14EC009', '16EC5DE1IP'),
('1BM14EC010', '16EC5DE1IP'),
('1BM14EC011', '16EC5DE1IP'),
('1BM14EC012', '16EC5DE1IP'),
('1BM14EC013', '16EC5DE1IP'),
('1BM14EC014', '16EC5DE1IP'),
('1BM14EC015', '16EC5DE1IP'),
('1BM14EC016', '16EC5DE1IP'),
('1BM14EC017', '16EC5DE1IP'),
('1BM14EC018', '16EC5DE1IP'),
('1BM14EC019', '16EC5DE1IP'),
('1BM14EC020', '16EC5DE1IP'),
('1BM14EC021', '16EC5DE1IP'),
('1BM14EC022', '16EC5DE1IP'),
('1BM14EC023', '16EC5DE1IP'),
('1BM14EC024', '16EC5DE1IP'),
('1BM14EC025', '16EC5DE1IP'),
('1BM14EC026', '16EC5DE1IP'),
('1BM14EC027', '16EC5DE1IP'),
('1BM14EC028', '16EC5DE1IP'),
('1BM14EC029', '16EC5DE1IP'),
('1BM14EC030', '16EC5DE1IP'),
('1BM14EC031', '16EC5DE1OP'),
('1BM14EC032', '16EC5DE1OP'),
('1BM14EC033', '16EC5DE1OP'),
('1BM14EC034', '16EC5DE1OP'),
('1BM14EC035', '16EC5DE1OP'),
('1BM14EC036', '16EC5DE1OP'),
('1BM14EC037', '16EC5DE1OP'),
('1BM14EC038', '16EC5DE1OP'),
('1BM14EC039', '16EC5DE1OP'),
('1BM14EC040', '16EC5DE1OP'),
('1BM14EC041', '16EC5DE1OP'),
('1BM14EC042', '16EC5DE1OP'),
('1BM14EC043', '16EC5DE1OP'),
('1BM14EC044', '16EC5DE1OP'),
('1BM14EC045', '16EC5DE1OP'),
('1BM14EC046', '16EC5DE1OP'),
('1BM14EC047', '16EC5DE1OP'),
('1BM14EC048', '16EC5DE1OP'),
('1BM14EC049', '16EC5DE1OP'),
('1BM14EC050', '16EC5DE1OP'),
('1BM14EC051', '16EC5DE1OP'),
('1BM14EC052', '16EC5DE1OP'),
('1BM14EC053', '16EC5DE1OP'),
('1BM14EC054', '16EC5DE1OP'),
('1BM14EC055', '16EC5DE1OP'),
('1BM14EC056', '16EC5DE1OP'),
('1BM14EC057', '16EC5DE1OP'),
('1BM14EC058', '16EC5DE1OP'),
('1BM14EC059', '16EC5DE1OP'),
('1BM14EC060', '16EC5DE1OP'),
('1BM14EC061', '16EC5DE1CA'),
('1BM14EC062', '16EC5DE1CA'),
('1BM14EC063', '16EC5DE1CA'),
('1BM14EC064', '16EC5DE1CA'),
('1BM14EC065', '16EC5DE1CA'),
('1BM14EC066', '16EC5DE1CA'),
('1BM14EC067', '16EC5DE1CA'),
('1BM14EC068', '16EC5DE1CA'),
('1BM14EC069', '16EC5DE1CA'),
('1BM14EC070', '16EC5DE1CA'),
('1BM14EC071', '16EC5DE1CA'),
('1BM14EC072', '16EC5DE1CA'),
('1BM14EC073', '16EC5DE1CA'),
('1BM14EC074', '16EC5DE1CA'),
('1BM14EC075', '16EC5DE1CA'),
('1BM14EC076', '16EC5DE1CA'),
('1BM14EC077', '16EC5DE1CA'),
('1BM14EC078', '16EC5DE1CA'),
('1BM14EC079', '16EC5DE1CA'),
('1BM14EC080', '16EC5DE1CA'),
('1BM14EC081', '16EC5DE1CA'),
('1BM14EC082', '16EC5DE1CA'),
('1BM14EC083', '16EC5DE1CA'),
('1BM14EC084', '16EC5DE1CA'),
('1BM14EC085', '16EC5DE1CA'),
('1BM14EC086', '16EC5DE1CA'),
('1BM14EC087', '16EC5DE1CA'),
('1BM14EC088', '16EC5DE1CA'),
('1BM14EC089', '16EC5DE1CA'),
('1BM14EC090', '16EC5DE1CA'),
('1BM14TE001', '16TE5DCACM'),
('1BM14TE002', '16TE5DCACM'),
('1BM14TE003', '16TE5DCACM'),
('1BM14TE004', '16TE5DCACM'),
('1BM14TE005', '16TE5DCACM'),
('1BM14TE006', '16TE5DCACM'),
('1BM14TE007', '16TE5DCACM'),
('1BM14TE008', '16TE5DCACM'),
('1BM14TE009', '16TE5DCACM'),
('1BM14TE010', '16TE5DCACM'),
('1BM14TE011', '16TE5DCACM'),
('1BM14TE012', '16TE5DCACM'),
('1BM14TE013', '16TE5DCACM'),
('1BM14TE014', '16TE5DCACM'),
('1BM14TE015', '16TE5DCACM'),
('1BM14TE016', '16TE5DCACM'),
('1BM14TE017', '16TE5DCACM'),
('1BM14TE018', '16TE5DCACM'),
('1BM14TE019', '16TE5DCACM'),
('1BM14TE020', '16TE5DCACM'),
('1BM14TE021', '16TE5DCACM'),
('1BM14TE022', '16TE5DCACM'),
('1BM14TE023', '16TE5DCACM'),
('1BM14TE024', '16TE5DCACM'),
('1BM14TE025', '16TE5DCACM'),
('1BM14TE026', '16TE5DCACM'),
('1BM14TE027', '16TE5DCACM'),
('1BM14TE028', '16TE5DCACM'),
('1BM14TE029', '16TE5DCACM'),
('1BM14TE030', '16TE5DCACM'),
('1BM14TE031', '16TE5DCACM'),
('1BM14TE032', '16TE5DCACM'),
('1BM14TE033', '16TE5DCACM'),
('1BM14TE034', '16TE5DCACM'),
('1BM14TE035', '16TE5DCACM'),
('1BM14TE036', '16TE5DCACM'),
('1BM14TE037', '16TE5DCACM'),
('1BM14TE038', '16TE5DCACM'),
('1BM14TE039', '16TE5DCACM'),
('1BM14TE040', '16TE5DCACM'),
('1BM14TE041', '16TE5DCACM'),
('1BM14TE042', '16TE5DCACM'),
('1BM14TE043', '16TE5DCACM'),
('1BM14TE044', '16TE5DCACM'),
('1BM14TE045', '16TE5DCACM'),
('1BM14TE046', '16TE5DCACM'),
('1BM14TE047', '16TE5DCACM'),
('1BM14TE048', '16TE5DCACM'),
('1BM14TE049', '16TE5DCACM'),
('1BM14TE050', '16TE5DCACM'),
('1BM14TE051', '16TE5DCACM'),
('1BM14TE052', '16TE5DCACM'),
('1BM14TE053', '16TE5DCACM'),
('1BM14TE054', '16TE5DCACM'),
('1BM14TE055', '16TE5DCACM'),
('1BM14TE056', '16TE5DCACM'),
('1BM14TE057', '16TE5DCACM'),
('1BM14TE058', '16TE5DCACM'),
('1BM14TE059', '16TE5DCACM'),
('1BM14TE060', '16TE5DCACM'),
('1BM14TE061', '16TE5DCACM'),
('1BM14TE062', '16TE5DCACM'),
('1BM14TE063', '16TE5DCACM'),
('1BM14TE064', '16TE5DCACM'),
('1BM14TE065', '16TE5DCACM'),
('1BM14TE066', '16TE5DCACM'),
('1BM14TE067', '16TE5DCACM'),
('1BM14TE068', '16TE5DCACM'),
('1BM14TE069', '16TE5DCACM'),
('1BM14TE070', '16TE5DCACM'),
('1BM14TE071', '16TE5DCACM'),
('1BM14TE072', '16TE5DCACM'),
('1BM14TE073', '16TE5DCACM'),
('1BM14TE074', '16TE5DCACM'),
('1BM14TE075', '16TE5DCACM'),
('1BM14TE076', '16TE5DCACM'),
('1BM14TE077', '16TE5DCACM'),
('1BM14TE078', '16TE5DCACM'),
('1BM14TE079', '16TE5DCACM'),
('1BM14TE080', '16TE5DCACM'),
('1BM14TE081', '16TE5DCACM'),
('1BM14TE082', '16TE5DCACM'),
('1BM14TE083', '16TE5DCACM'),
('1BM14TE084', '16TE5DCACM'),
('1BM14TE085', '16TE5DCACM'),
('1BM14TE086', '16TE5DCACM'),
('1BM14TE087', '16TE5DCACM'),
('1BM14TE088', '16TE5DCACM'),
('1BM14TE089', '16TE5DCACM'),
('1BM14TE090', '16TE5DCACM'),
('1BM14TE001', '16TE5DCDTS'),
('1BM14TE002', '16TE5DCDTS'),
('1BM14TE003', '16TE5DCDTS'),
('1BM14TE004', '16TE5DCDTS'),
('1BM14TE005', '16TE5DCDTS'),
('1BM14TE006', '16TE5DCDTS'),
('1BM14TE007', '16TE5DCDTS'),
('1BM14TE008', '16TE5DCDTS'),
('1BM14TE009', '16TE5DCDTS'),
('1BM14TE010', '16TE5DCDTS'),
('1BM14TE011', '16TE5DCDTS'),
('1BM14TE012', '16TE5DCDTS'),
('1BM14TE013', '16TE5DCDTS'),
('1BM14TE014', '16TE5DCDTS'),
('1BM14TE015', '16TE5DCDTS'),
('1BM14TE016', '16TE5DCDTS'),
('1BM14TE017', '16TE5DCDTS'),
('1BM14TE018', '16TE5DCDTS'),
('1BM14TE019', '16TE5DCDTS'),
('1BM14TE020', '16TE5DCDTS'),
('1BM14TE021', '16TE5DCDTS'),
('1BM14TE022', '16TE5DCDTS'),
('1BM14TE023', '16TE5DCDTS'),
('1BM14TE024', '16TE5DCDTS'),
('1BM14TE025', '16TE5DCDTS'),
('1BM14TE026', '16TE5DCDTS'),
('1BM14TE027', '16TE5DCDTS'),
('1BM14TE028', '16TE5DCDTS'),
('1BM14TE029', '16TE5DCDTS'),
('1BM14TE030', '16TE5DCDTS'),
('1BM14TE031', '16TE5DCDTS'),
('1BM14TE032', '16TE5DCDTS'),
('1BM14TE033', '16TE5DCDTS'),
('1BM14TE034', '16TE5DCDTS'),
('1BM14TE035', '16TE5DCDTS'),
('1BM14TE036', '16TE5DCDTS'),
('1BM14TE037', '16TE5DCDTS'),
('1BM14TE038', '16TE5DCDTS'),
('1BM14TE039', '16TE5DCDTS'),
('1BM14TE040', '16TE5DCDTS'),
('1BM14TE041', '16TE5DCDTS'),
('1BM14TE042', '16TE5DCDTS'),
('1BM14TE043', '16TE5DCDTS'),
('1BM14TE044', '16TE5DCDTS'),
('1BM14TE045', '16TE5DCDTS'),
('1BM14TE046', '16TE5DCDTS'),
('1BM14TE047', '16TE5DCDTS'),
('1BM14TE048', '16TE5DCDTS'),
('1BM14TE049', '16TE5DCDTS'),
('1BM14TE050', '16TE5DCDTS'),
('1BM14TE051', '16TE5DCDTS'),
('1BM14TE052', '16TE5DCDTS'),
('1BM14TE053', '16TE5DCDTS'),
('1BM14TE054', '16TE5DCDTS'),
('1BM14TE055', '16TE5DCDTS'),
('1BM14TE056', '16TE5DCDTS'),
('1BM14TE057', '16TE5DCDTS'),
('1BM14TE058', '16TE5DCDTS'),
('1BM14TE059', '16TE5DCDTS'),
('1BM14TE060', '16TE5DCDTS'),
('1BM14TE061', '16TE5DCDTS'),
('1BM14TE062', '16TE5DCDTS'),
('1BM14TE063', '16TE5DCDTS'),
('1BM14TE064', '16TE5DCDTS'),
('1BM14TE065', '16TE5DCDTS'),
('1BM14TE066', '16TE5DCDTS'),
('1BM14TE067', '16TE5DCDTS'),
('1BM14TE068', '16TE5DCDTS'),
('1BM14TE069', '16TE5DCDTS'),
('1BM14TE070', '16TE5DCDTS'),
('1BM14TE071', '16TE5DCDTS'),
('1BM14TE072', '16TE5DCDTS'),
('1BM14TE073', '16TE5DCDTS'),
('1BM14TE074', '16TE5DCDTS'),
('1BM14TE075', '16TE5DCDTS'),
('1BM14TE076', '16TE5DCDTS'),
('1BM14TE077', '16TE5DCDTS'),
('1BM14TE078', '16TE5DCDTS'),
('1BM14TE079', '16TE5DCDTS'),
('1BM14TE080', '16TE5DCDTS'),
('1BM14TE081', '16TE5DCDTS'),
('1BM14TE082', '16TE5DCDTS'),
('1BM14TE083', '16TE5DCDTS'),
('1BM14TE084', '16TE5DCDTS'),
('1BM14TE085', '16TE5DCDTS'),
('1BM14TE086', '16TE5DCDTS'),
('1BM14TE087', '16TE5DCDTS'),
('1BM14TE088', '16TE5DCDTS'),
('1BM14TE089', '16TE5DCDTS'),
('1BM14TE090', '16TE5DCDTS'),
('1BM14TE001', '16TE5DCCN1'),
('1BM14TE002', '16TE5DCCN1'),
('1BM14TE003', '16TE5DCCN1'),
('1BM14TE004', '16TE5DCCN1'),
('1BM14TE005', '16TE5DCCN1'),
('1BM14TE006', '16TE5DCCN1'),
('1BM14TE007', '16TE5DCCN1'),
('1BM14TE008', '16TE5DCCN1'),
('1BM14TE009', '16TE5DCCN1'),
('1BM14TE010', '16TE5DCCN1'),
('1BM14TE011', '16TE5DCCN1'),
('1BM14TE012', '16TE5DCCN1'),
('1BM14TE013', '16TE5DCCN1'),
('1BM14TE014', '16TE5DCCN1'),
('1BM14TE015', '16TE5DCCN1'),
('1BM14TE016', '16TE5DCCN1'),
('1BM14TE017', '16TE5DCCN1'),
('1BM14TE018', '16TE5DCCN1'),
('1BM14TE019', '16TE5DCCN1'),
('1BM14TE020', '16TE5DCCN1'),
('1BM14TE021', '16TE5DCCN1'),
('1BM14TE022', '16TE5DCCN1'),
('1BM14TE023', '16TE5DCCN1'),
('1BM14TE024', '16TE5DCCN1'),
('1BM14TE025', '16TE5DCCN1'),
('1BM14TE026', '16TE5DCCN1'),
('1BM14TE027', '16TE5DCCN1'),
('1BM14TE028', '16TE5DCCN1'),
('1BM14TE029', '16TE5DCCN1'),
('1BM14TE030', '16TE5DCCN1'),
('1BM14TE031', '16TE5DCCN1'),
('1BM14TE032', '16TE5DCCN1'),
('1BM14TE033', '16TE5DCCN1'),
('1BM14TE034', '16TE5DCCN1'),
('1BM14TE035', '16TE5DCCN1'),
('1BM14TE036', '16TE5DCCN1'),
('1BM14TE037', '16TE5DCCN1'),
('1BM14TE038', '16TE5DCCN1'),
('1BM14TE039', '16TE5DCCN1'),
('1BM14TE040', '16TE5DCCN1'),
('1BM14TE041', '16TE5DCCN1'),
('1BM14TE042', '16TE5DCCN1'),
('1BM14TE043', '16TE5DCCN1'),
('1BM14TE044', '16TE5DCCN1'),
('1BM14TE045', '16TE5DCCN1'),
('1BM14TE046', '16TE5DCCN1'),
('1BM14TE047', '16TE5DCCN1'),
('1BM14TE048', '16TE5DCCN1'),
('1BM14TE049', '16TE5DCCN1'),
('1BM14TE050', '16TE5DCCN1'),
('1BM14TE051', '16TE5DCCN1'),
('1BM14TE052', '16TE5DCCN1'),
('1BM14TE053', '16TE5DCCN1'),
('1BM14TE054', '16TE5DCCN1'),
('1BM14TE055', '16TE5DCCN1'),
('1BM14TE056', '16TE5DCCN1'),
('1BM14TE057', '16TE5DCCN1'),
('1BM14TE058', '16TE5DCCN1'),
('1BM14TE059', '16TE5DCCN1'),
('1BM14TE060', '16TE5DCCN1'),
('1BM14TE061', '16TE5DCCN1'),
('1BM14TE062', '16TE5DCCN1'),
('1BM14TE063', '16TE5DCCN1'),
('1BM14TE064', '16TE5DCCN1'),
('1BM14TE065', '16TE5DCCN1'),
('1BM14TE066', '16TE5DCCN1'),
('1BM14TE067', '16TE5DCCN1'),
('1BM14TE068', '16TE5DCCN1'),
('1BM14TE069', '16TE5DCCN1'),
('1BM14TE070', '16TE5DCCN1'),
('1BM14TE071', '16TE5DCCN1'),
('1BM14TE072', '16TE5DCCN1'),
('1BM14TE073', '16TE5DCCN1'),
('1BM14TE074', '16TE5DCCN1'),
('1BM14TE075', '16TE5DCCN1'),
('1BM14TE076', '16TE5DCCN1'),
('1BM14TE077', '16TE5DCCN1'),
('1BM14TE078', '16TE5DCCN1'),
('1BM14TE079', '16TE5DCCN1'),
('1BM14TE080', '16TE5DCCN1'),
('1BM14TE081', '16TE5DCCN1'),
('1BM14TE082', '16TE5DCCN1'),
('1BM14TE083', '16TE5DCCN1'),
('1BM14TE084', '16TE5DCCN1'),
('1BM14TE085', '16TE5DCCN1'),
('1BM14TE086', '16TE5DCCN1'),
('1BM14TE087', '16TE5DCCN1'),
('1BM14TE088', '16TE5DCCN1'),
('1BM14TE089', '16TE5DCCN1'),
('1BM14TE090', '16TE5DCCN1'),
('1BM14TE001', '16TE5DCLCS'),
('1BM14TE002', '16TE5DCLCS'),
('1BM14TE003', '16TE5DCLCS'),
('1BM14TE004', '16TE5DCLCS'),
('1BM14TE005', '16TE5DCLCS'),
('1BM14TE006', '16TE5DCLCS'),
('1BM14TE007', '16TE5DCLCS'),
('1BM14TE008', '16TE5DCLCS'),
('1BM14TE009', '16TE5DCLCS'),
('1BM14TE010', '16TE5DCLCS'),
('1BM14TE011', '16TE5DCLCS'),
('1BM14TE012', '16TE5DCLCS'),
('1BM14TE013', '16TE5DCLCS'),
('1BM14TE014', '16TE5DCLCS'),
('1BM14TE015', '16TE5DCLCS'),
('1BM14TE016', '16TE5DCLCS'),
('1BM14TE017', '16TE5DCLCS'),
('1BM14TE018', '16TE5DCLCS'),
('1BM14TE019', '16TE5DCLCS'),
('1BM14TE020', '16TE5DCLCS'),
('1BM14TE021', '16TE5DCLCS'),
('1BM14TE022', '16TE5DCLCS'),
('1BM14TE023', '16TE5DCLCS'),
('1BM14TE024', '16TE5DCLCS'),
('1BM14TE025', '16TE5DCLCS'),
('1BM14TE026', '16TE5DCLCS'),
('1BM14TE027', '16TE5DCLCS'),
('1BM14TE028', '16TE5DCLCS'),
('1BM14TE029', '16TE5DCLCS'),
('1BM14TE030', '16TE5DCLCS'),
('1BM14TE031', '16TE5DCLCS'),
('1BM14TE032', '16TE5DCLCS'),
('1BM14TE033', '16TE5DCLCS'),
('1BM14TE034', '16TE5DCLCS'),
('1BM14TE035', '16TE5DCLCS'),
('1BM14TE036', '16TE5DCLCS'),
('1BM14TE037', '16TE5DCLCS'),
('1BM14TE038', '16TE5DCLCS'),
('1BM14TE039', '16TE5DCLCS'),
('1BM14TE040', '16TE5DCLCS'),
('1BM14TE041', '16TE5DCLCS'),
('1BM14TE042', '16TE5DCLCS'),
('1BM14TE043', '16TE5DCLCS'),
('1BM14TE044', '16TE5DCLCS'),
('1BM14TE045', '16TE5DCLCS'),
('1BM14TE046', '16TE5DCLCS'),
('1BM14TE047', '16TE5DCLCS'),
('1BM14TE048', '16TE5DCLCS'),
('1BM14TE049', '16TE5DCLCS'),
('1BM14TE050', '16TE5DCLCS'),
('1BM14TE051', '16TE5DCLCS'),
('1BM14TE052', '16TE5DCLCS'),
('1BM14TE053', '16TE5DCLCS'),
('1BM14TE054', '16TE5DCLCS'),
('1BM14TE055', '16TE5DCLCS'),
('1BM14TE056', '16TE5DCLCS'),
('1BM14TE057', '16TE5DCLCS'),
('1BM14TE058', '16TE5DCLCS'),
('1BM14TE059', '16TE5DCLCS'),
('1BM14TE060', '16TE5DCLCS'),
('1BM14TE061', '16TE5DCLCS'),
('1BM14TE062', '16TE5DCLCS'),
('1BM14TE063', '16TE5DCLCS'),
('1BM14TE064', '16TE5DCLCS'),
('1BM14TE065', '16TE5DCLCS'),
('1BM14TE066', '16TE5DCLCS'),
('1BM14TE067', '16TE5DCLCS'),
('1BM14TE068', '16TE5DCLCS'),
('1BM14TE069', '16TE5DCLCS'),
('1BM14TE070', '16TE5DCLCS'),
('1BM14TE071', '16TE5DCLCS'),
('1BM14TE072', '16TE5DCLCS'),
('1BM14TE073', '16TE5DCLCS'),
('1BM14TE074', '16TE5DCLCS'),
('1BM14TE075', '16TE5DCLCS'),
('1BM14TE076', '16TE5DCLCS'),
('1BM14TE077', '16TE5DCLCS'),
('1BM14TE078', '16TE5DCLCS'),
('1BM14TE079', '16TE5DCLCS'),
('1BM14TE080', '16TE5DCLCS'),
('1BM14TE081', '16TE5DCLCS'),
('1BM14TE082', '16TE5DCLCS'),
('1BM14TE083', '16TE5DCLCS'),
('1BM14TE084', '16TE5DCLCS'),
('1BM14TE085', '16TE5DCLCS'),
('1BM14TE086', '16TE5DCLCS'),
('1BM14TE087', '16TE5DCLCS'),
('1BM14TE088', '16TE5DCLCS'),
('1BM14TE089', '16TE5DCLCS'),
('1BM14TE090', '16TE5DCLCS'),
('1BM14TE001', '16TE5DCVLI'),
('1BM14TE002', '16TE5DCVLI'),
('1BM14TE003', '16TE5DCVLI'),
('1BM14TE004', '16TE5DCVLI'),
('1BM14TE005', '16TE5DCVLI'),
('1BM14TE006', '16TE5DCVLI'),
('1BM14TE007', '16TE5DCVLI'),
('1BM14TE008', '16TE5DCVLI'),
('1BM14TE009', '16TE5DCVLI'),
('1BM14TE010', '16TE5DCVLI'),
('1BM14TE011', '16TE5DCVLI'),
('1BM14TE012', '16TE5DCVLI'),
('1BM14TE013', '16TE5DCVLI'),
('1BM14TE014', '16TE5DCVLI'),
('1BM14TE015', '16TE5DCVLI'),
('1BM14TE016', '16TE5DCVLI'),
('1BM14TE017', '16TE5DCVLI'),
('1BM14TE018', '16TE5DCVLI'),
('1BM14TE019', '16TE5DCVLI'),
('1BM14TE020', '16TE5DCVLI'),
('1BM14TE021', '16TE5DCVLI'),
('1BM14TE022', '16TE5DCVLI'),
('1BM14TE023', '16TE5DCVLI'),
('1BM14TE024', '16TE5DCVLI'),
('1BM14TE025', '16TE5DCVLI'),
('1BM14TE026', '16TE5DCVLI'),
('1BM14TE027', '16TE5DCVLI'),
('1BM14TE028', '16TE5DCVLI'),
('1BM14TE029', '16TE5DCVLI'),
('1BM14TE030', '16TE5DCVLI'),
('1BM14TE031', '16TE5DCVLI'),
('1BM14TE032', '16TE5DCVLI'),
('1BM14TE033', '16TE5DCVLI'),
('1BM14TE034', '16TE5DCVLI'),
('1BM14TE035', '16TE5DCVLI'),
('1BM14TE036', '16TE5DCVLI'),
('1BM14TE037', '16TE5DCVLI'),
('1BM14TE038', '16TE5DCVLI'),
('1BM14TE039', '16TE5DCVLI'),
('1BM14TE040', '16TE5DCVLI'),
('1BM14TE041', '16TE5DCVLI'),
('1BM14TE042', '16TE5DCVLI'),
('1BM14TE043', '16TE5DCVLI'),
('1BM14TE044', '16TE5DCVLI'),
('1BM14TE045', '16TE5DCVLI'),
('1BM14TE046', '16TE5DCVLI'),
('1BM14TE047', '16TE5DCVLI'),
('1BM14TE048', '16TE5DCVLI'),
('1BM14TE049', '16TE5DCVLI'),
('1BM14TE050', '16TE5DCVLI'),
('1BM14TE051', '16TE5DCVLI'),
('1BM14TE052', '16TE5DCVLI'),
('1BM14TE053', '16TE5DCVLI'),
('1BM14TE054', '16TE5DCVLI'),
('1BM14TE055', '16TE5DCVLI'),
('1BM14TE056', '16TE5DCVLI'),
('1BM14TE057', '16TE5DCVLI'),
('1BM14TE058', '16TE5DCVLI'),
('1BM14TE059', '16TE5DCVLI'),
('1BM14TE060', '16TE5DCVLI'),
('1BM14TE061', '16TE5DCVLI'),
('1BM14TE062', '16TE5DCVLI'),
('1BM14TE063', '16TE5DCVLI'),
('1BM14TE064', '16TE5DCVLI'),
('1BM14TE065', '16TE5DCVLI'),
('1BM14TE066', '16TE5DCVLI'),
('1BM14TE067', '16TE5DCVLI'),
('1BM14TE068', '16TE5DCVLI'),
('1BM14TE069', '16TE5DCVLI'),
('1BM14TE070', '16TE5DCVLI'),
('1BM14TE071', '16TE5DCVLI'),
('1BM14TE072', '16TE5DCVLI'),
('1BM14TE073', '16TE5DCVLI'),
('1BM14TE074', '16TE5DCVLI'),
('1BM14TE075', '16TE5DCVLI'),
('1BM14TE076', '16TE5DCVLI'),
('1BM14TE077', '16TE5DCVLI'),
('1BM14TE078', '16TE5DCVLI'),
('1BM14TE079', '16TE5DCVLI'),
('1BM14TE080', '16TE5DCVLI'),
('1BM14TE081', '16TE5DCVLI'),
('1BM14TE082', '16TE5DCVLI'),
('1BM14TE083', '16TE5DCVLI'),
('1BM14TE084', '16TE5DCVLI'),
('1BM14TE085', '16TE5DCVLI'),
('1BM14TE086', '16TE5DCVLI'),
('1BM14TE087', '16TE5DCVLI'),
('1BM14TE088', '16TE5DCVLI'),
('1BM14TE089', '16TE5DCVLI'),
('1BM14TE090', '16TE5DCVLI'),
('1BM14TE001', '16TE5DE1OS'),
('1BM14TE002', '16TE5DE1OS'),
('1BM14TE003', '16TE5DE1OS'),
('1BM14TE004', '16TE5DE1OS'),
('1BM14TE005', '16TE5DE1OS'),
('1BM14TE006', '16TE5DE1OS'),
('1BM14TE007', '16TE5DE1OS'),
('1BM14TE008', '16TE5DE1OS'),
('1BM14TE009', '16TE5DE1OS'),
('1BM14TE010', '16TE5DE1OS'),
('1BM14TE011', '16TE5DE1OS'),
('1BM14TE012', '16TE5DE1OS'),
('1BM14TE013', '16TE5DE1OS'),
('1BM14TE014', '16TE5DE1OS'),
('1BM14TE015', '16TE5DE1OS'),
('1BM14TE016', '16TE5DE1OS'),
('1BM14TE017', '16TE5DE1OS'),
('1BM14TE018', '16TE5DE1OS'),
('1BM14TE019', '16TE5DE1OS'),
('1BM14TE020', '16TE5DE1OS'),
('1BM14TE021', '16TE5DE1OS'),
('1BM14TE022', '16TE5DE1OS'),
('1BM14TE023', '16TE5DE1OS'),
('1BM14TE024', '16TE5DE1OS'),
('1BM14TE025', '16TE5DE1OS'),
('1BM14TE026', '16TE5DE1OS'),
('1BM14TE027', '16TE5DE1OS'),
('1BM14TE028', '16TE5DE1OS'),
('1BM14TE029', '16TE5DE1OS'),
('1BM14TE030', '16TE5DE1OS'),
('1BM14TE031', '16TE5DE1OS'),
('1BM14TE032', '16TE5DE1OS'),
('1BM14TE033', '16TE5DE1OS'),
('1BM14TE034', '16TE5DE1OS'),
('1BM14TE035', '16TE5DE1OS'),
('1BM14TE036', '16TE5DE1OS'),
('1BM14TE037', '16TE5DE1OS'),
('1BM14TE038', '16TE5DE1OS'),
('1BM14TE039', '16TE5DE1OS'),
('1BM14TE040', '16TE5DE1OS'),
('1BM14TE041', '16TE5DE1OS'),
('1BM14TE042', '16TE5DE1OS'),
('1BM14TE043', '16TE5DE1OS'),
('1BM14TE044', '16TE5DE1OS'),
('1BM14TE045', '16TE5DE1OS'),
('1BM14TE046', '16TE5DE1OS'),
('1BM14TE047', '16TE5DE1OS'),
('1BM14TE048', '16TE5DE1OS'),
('1BM14TE049', '16TE5DE1OS'),
('1BM14TE050', '16TE5DE1OS'),
('1BM14TE051', '16TE5DE1OS'),
('1BM14TE052', '16TE5DE1OS'),
('1BM14TE053', '16TE5DE1OS'),
('1BM14TE054', '16TE5DE1OS'),
('1BM14TE055', '16TE5DE1OS'),
('1BM14TE056', '16TE5DE1OS'),
('1BM14TE057', '16TE5DE1OS'),
('1BM14TE058', '16TE5DE1OS'),
('1BM14TE059', '16TE5DE1OS'),
('1BM14TE060', '16TE5DE1OS'),
('1BM14TE061', '16TE5DE1OS'),
('1BM14TE062', '16TE5DE1OS'),
('1BM14TE063', '16TE5DE1OS'),
('1BM14TE064', '16TE5DE1OS'),
('1BM14TE065', '16TE5DE1OS'),
('1BM14TE066', '16TE5DE1OS'),
('1BM14TE067', '16TE5DE1OS'),
('1BM14TE068', '16TE5DE1OS'),
('1BM14TE069', '16TE5DE1OS'),
('1BM14TE070', '16TE5DE1OS'),
('1BM14TE071', '16TE5DE1OS'),
('1BM14TE072', '16TE5DE1OS'),
('1BM14TE073', '16TE5DE1OS'),
('1BM14TE074', '16TE5DE1OS'),
('1BM14TE075', '16TE5DE1OS'),
('1BM14TE076', '16TE5DE1OS'),
('1BM14TE077', '16TE5DE1OS'),
('1BM14TE078', '16TE5DE1OS'),
('1BM14TE079', '16TE5DE1OS'),
('1BM14TE080', '16TE5DE1OS'),
('1BM14TE081', '16TE5DE1OS'),
('1BM14TE082', '16TE5DE1OS'),
('1BM14TE083', '16TE5DE1OS'),
('1BM14TE084', '16TE5DE1OS'),
('1BM14TE085', '16TE5DE1OS'),
('1BM14TE086', '16TE5DE1OS'),
('1BM14TE087', '16TE5DE1OS'),
('1BM14TE088', '16TE5DE1OS'),
('1BM14TE089', '16TE5DE1OS'),
('1BM14TE090', '16TE5DE1OS'),
('1BM14ME001', '16ME5DCMAE'),
('1BM14ME002', '16ME5DCMAE'),
('1BM14ME003', '16ME5DCMAE'),
('1BM14ME004', '16ME5DCMAE'),
('1BM14ME005', '16ME5DCMAE'),
('1BM14ME006', '16ME5DCMAE'),
('1BM14ME007', '16ME5DCMAE'),
('1BM14ME008', '16ME5DCMAE'),
('1BM14ME009', '16ME5DCMAE'),
('1BM14ME010', '16ME5DCMAE'),
('1BM14ME011', '16ME5DCMAE'),
('1BM14ME012', '16ME5DCMAE'),
('1BM14ME013', '16ME5DCMAE'),
('1BM14ME014', '16ME5DCMAE'),
('1BM14ME015', '16ME5DCMAE'),
('1BM14ME016', '16ME5DCMAE'),
('1BM14ME017', '16ME5DCMAE'),
('1BM14ME018', '16ME5DCMAE'),
('1BM14ME019', '16ME5DCMAE'),
('1BM14ME020', '16ME5DCMAE'),
('1BM14ME021', '16ME5DCMAE'),
('1BM14ME022', '16ME5DCMAE'),
('1BM14ME023', '16ME5DCMAE'),
('1BM14ME024', '16ME5DCMAE'),
('1BM14ME025', '16ME5DCMAE'),
('1BM14ME026', '16ME5DCMAE'),
('1BM14ME027', '16ME5DCMAE'),
('1BM14ME028', '16ME5DCMAE'),
('1BM14ME029', '16ME5DCMAE'),
('1BM14ME030', '16ME5DCMAE'),
('1BM14ME031', '16ME5DCMAE'),
('1BM14ME032', '16ME5DCMAE'),
('1BM14ME033', '16ME5DCMAE'),
('1BM14ME034', '16ME5DCMAE'),
('1BM14ME035', '16ME5DCMAE'),
('1BM14ME036', '16ME5DCMAE'),
('1BM14ME037', '16ME5DCMAE'),
('1BM14ME038', '16ME5DCMAE'),
('1BM14ME039', '16ME5DCMAE'),
('1BM14ME040', '16ME5DCMAE'),
('1BM14ME041', '16ME5DCMAE'),
('1BM14ME042', '16ME5DCMAE'),
('1BM14ME043', '16ME5DCMAE'),
('1BM14ME044', '16ME5DCMAE'),
('1BM14ME045', '16ME5DCMAE'),
('1BM14ME046', '16ME5DCMAE'),
('1BM14ME047', '16ME5DCMAE'),
('1BM14ME048', '16ME5DCMAE'),
('1BM14ME049', '16ME5DCMAE'),
('1BM14ME050', '16ME5DCMAE'),
('1BM14ME051', '16ME5DCMAE'),
('1BM14ME052', '16ME5DCMAE'),
('1BM14ME053', '16ME5DCMAE'),
('1BM14ME054', '16ME5DCMAE'),
('1BM14ME055', '16ME5DCMAE'),
('1BM14ME056', '16ME5DCMAE'),
('1BM14ME057', '16ME5DCMAE'),
('1BM14ME058', '16ME5DCMAE'),
('1BM14ME059', '16ME5DCMAE'),
('1BM14ME060', '16ME5DCMAE'),
('1BM14ME061', '16ME5DCMAE'),
('1BM14ME062', '16ME5DCMAE'),
('1BM14ME063', '16ME5DCMAE'),
('1BM14ME064', '16ME5DCMAE'),
('1BM14ME065', '16ME5DCMAE'),
('1BM14ME066', '16ME5DCMAE'),
('1BM14ME067', '16ME5DCMAE'),
('1BM14ME068', '16ME5DCMAE'),
('1BM14ME069', '16ME5DCMAE'),
('1BM14ME070', '16ME5DCMAE'),
('1BM14ME071', '16ME5DCMAE'),
('1BM14ME072', '16ME5DCMAE'),
('1BM14ME073', '16ME5DCMAE'),
('1BM14ME074', '16ME5DCMAE'),
('1BM14ME075', '16ME5DCMAE'),
('1BM14ME076', '16ME5DCMAE'),
('1BM14ME077', '16ME5DCMAE'),
('1BM14ME078', '16ME5DCMAE'),
('1BM14ME079', '16ME5DCMAE'),
('1BM14ME080', '16ME5DCMAE'),
('1BM14ME081', '16ME5DCMAE'),
('1BM14ME082', '16ME5DCMAE'),
('1BM14ME083', '16ME5DCMAE'),
('1BM14ME084', '16ME5DCMAE'),
('1BM14ME085', '16ME5DCMAE'),
('1BM14ME086', '16ME5DCMAE'),
('1BM14ME087', '16ME5DCMAE'),
('1BM14ME088', '16ME5DCMAE'),
('1BM14ME089', '16ME5DCMAE'),
('1BM14ME090', '16ME5DCMAE'),
('1BM14ME091', '16ME5DCMAE'),
('1BM14ME092', '16ME5DCMAE'),
('1BM14ME093', '16ME5DCMAE'),
('1BM14ME094', '16ME5DCMAE'),
('1BM14ME095', '16ME5DCMAE'),
('1BM14ME096', '16ME5DCMAE'),
('1BM14ME097', '16ME5DCMAE'),
('1BM14ME098', '16ME5DCMAE'),
('1BM14ME099', '16ME5DCMAE'),
('1BM14ME100', '16ME5DCMAE'),
('1BM14ME101', '16ME5DCMAE'),
('1BM14ME102', '16ME5DCMAE'),
('1BM14ME103', '16ME5DCMAE'),
('1BM14ME104', '16ME5DCMAE'),
('1BM14ME105', '16ME5DCMAE'),
('1BM14ME106', '16ME5DCMAE'),
('1BM14ME107', '16ME5DCMAE'),
('1BM14ME108', '16ME5DCMAE'),
('1BM14ME109', '16ME5DCMAE'),
('1BM14ME110', '16ME5DCMAE'),
('1BM14ME111', '16ME5DCMAE'),
('1BM14ME112', '16ME5DCMAE'),
('1BM14ME113', '16ME5DCMAE'),
('1BM14ME114', '16ME5DCMAE'),
('1BM14ME115', '16ME5DCMAE'),
('1BM14ME116', '16ME5DCMAE'),
('1BM14ME117', '16ME5DCMAE'),
('1BM14ME118', '16ME5DCMAE'),
('1BM14ME119', '16ME5DCMAE'),
('1BM14ME120', '16ME5DCMAE'),
('1BM14ME121', '16ME5DCMAE'),
('1BM14ME122', '16ME5DCMAE'),
('1BM14ME123', '16ME5DCMAE'),
('1BM14ME124', '16ME5DCMAE'),
('1BM14ME125', '16ME5DCMAE'),
('1BM14ME126', '16ME5DCMAE'),
('1BM14ME127', '16ME5DCMAE'),
('1BM14ME128', '16ME5DCMAE'),
('1BM14ME129', '16ME5DCMAE'),
('1BM14ME130', '16ME5DCMAE'),
('1BM14ME131', '16ME5DCMAE'),
('1BM14ME132', '16ME5DCMAE'),
('1BM14ME133', '16ME5DCMAE'),
('1BM14ME134', '16ME5DCMAE'),
('1BM14ME135', '16ME5DCMAE'),
('1BM14ME136', '16ME5DCMAE'),
('1BM14ME137', '16ME5DCMAE'),
('1BM14ME138', '16ME5DCMAE'),
('1BM14ME139', '16ME5DCMAE'),
('1BM14ME140', '16ME5DCMAE'),
('1BM14ME141', '16ME5DCMAE'),
('1BM14ME142', '16ME5DCMAE'),
('1BM14ME143', '16ME5DCMAE'),
('1BM14ME144', '16ME5DCMAE'),
('1BM14ME145', '16ME5DCMAE'),
('1BM14ME146', '16ME5DCMAE'),
('1BM14ME147', '16ME5DCMAE'),
('1BM14ME148', '16ME5DCMAE'),
('1BM14ME149', '16ME5DCMAE'),
('1BM14ME150', '16ME5DCMAE'),
('1BM14ME151', '16ME5DCMAE'),
('1BM14ME152', '16ME5DCMAE'),
('1BM14ME153', '16ME5DCMAE'),
('1BM14ME154', '16ME5DCMAE'),
('1BM14ME155', '16ME5DCMAE'),
('1BM14ME156', '16ME5DCMAE'),
('1BM14ME157', '16ME5DCMAE'),
('1BM14ME158', '16ME5DCMAE'),
('1BM14ME159', '16ME5DCMAE'),
('1BM14ME160', '16ME5DCMAE'),
('1BM14ME161', '16ME5DCMAE'),
('1BM14ME162', '16ME5DCMAE'),
('1BM14ME163', '16ME5DCMAE'),
('1BM14ME164', '16ME5DCMAE'),
('1BM14ME165', '16ME5DCMAE'),
('1BM14ME166', '16ME5DCMAE'),
('1BM14ME167', '16ME5DCMAE'),
('1BM14ME168', '16ME5DCMAE'),
('1BM14ME169', '16ME5DCMAE'),
('1BM14ME170', '16ME5DCMAE'),
('1BM14ME171', '16ME5DCMAE'),
('1BM14ME172', '16ME5DCMAE'),
('1BM14ME173', '16ME5DCMAE'),
('1BM14ME174', '16ME5DCMAE'),
('1BM14ME175', '16ME5DCMAE'),
('1BM14ME176', '16ME5DCMAE'),
('1BM14ME177', '16ME5DCMAE'),
('1BM14ME178', '16ME5DCMAE'),
('1BM14ME179', '16ME5DCMAE'),
('1BM14ME180', '16ME5DCMAE'),
('1BM14ME181', '16ME5DCMAE'),
('1BM14ME182', '16ME5DCMAE'),
('1BM14ME183', '16ME5DCMAE'),
('1BM14ME184', '16ME5DCMAE'),
('1BM14ME185', '16ME5DCMAE'),
('1BM14ME186', '16ME5DCMAE'),
('1BM14ME187', '16ME5DCMAE'),
('1BM14ME188', '16ME5DCMAE'),
('1BM14ME189', '16ME5DCMAE'),
('1BM14ME190', '16ME5DCMAE'),
('1BM14ME191', '16ME5DCMAE'),
('1BM14ME192', '16ME5DCMAE'),
('1BM14ME193', '16ME5DCMAE'),
('1BM14ME194', '16ME5DCMAE'),
('1BM14ME195', '16ME5DCMAE'),
('1BM14ME196', '16ME5DCMAE'),
('1BM14ME197', '16ME5DCMAE'),
('1BM14ME198', '16ME5DCMAE'),
('1BM14ME199', '16ME5DCMAE'),
('1BM14ME200', '16ME5DCMAE'),
('1BM14ME001', '16ME5DCDM2'),
('1BM14ME002', '16ME5DCDM2'),
('1BM14ME003', '16ME5DCDM2'),
('1BM14ME004', '16ME5DCDM2'),
('1BM14ME005', '16ME5DCDM2'),
('1BM14ME006', '16ME5DCDM2'),
('1BM14ME007', '16ME5DCDM2'),
('1BM14ME008', '16ME5DCDM2'),
('1BM14ME009', '16ME5DCDM2'),
('1BM14ME010', '16ME5DCDM2'),
('1BM14ME011', '16ME5DCDM2'),
('1BM14ME012', '16ME5DCDM2'),
('1BM14ME013', '16ME5DCDM2'),
('1BM14ME014', '16ME5DCDM2'),
('1BM14ME015', '16ME5DCDM2'),
('1BM14ME016', '16ME5DCDM2'),
('1BM14ME017', '16ME5DCDM2'),
('1BM14ME018', '16ME5DCDM2'),
('1BM14ME019', '16ME5DCDM2'),
('1BM14ME020', '16ME5DCDM2'),
('1BM14ME021', '16ME5DCDM2'),
('1BM14ME022', '16ME5DCDM2'),
('1BM14ME023', '16ME5DCDM2'),
('1BM14ME024', '16ME5DCDM2'),
('1BM14ME025', '16ME5DCDM2'),
('1BM14ME026', '16ME5DCDM2'),
('1BM14ME027', '16ME5DCDM2'),
('1BM14ME028', '16ME5DCDM2'),
('1BM14ME029', '16ME5DCDM2'),
('1BM14ME030', '16ME5DCDM2'),
('1BM14ME031', '16ME5DCDM2'),
('1BM14ME032', '16ME5DCDM2'),
('1BM14ME033', '16ME5DCDM2'),
('1BM14ME034', '16ME5DCDM2'),
('1BM14ME035', '16ME5DCDM2'),
('1BM14ME036', '16ME5DCDM2'),
('1BM14ME037', '16ME5DCDM2'),
('1BM14ME038', '16ME5DCDM2'),
('1BM14ME039', '16ME5DCDM2'),
('1BM14ME040', '16ME5DCDM2'),
('1BM14ME041', '16ME5DCDM2'),
('1BM14ME042', '16ME5DCDM2'),
('1BM14ME043', '16ME5DCDM2'),
('1BM14ME044', '16ME5DCDM2'),
('1BM14ME045', '16ME5DCDM2'),
('1BM14ME046', '16ME5DCDM2'),
('1BM14ME047', '16ME5DCDM2'),
('1BM14ME048', '16ME5DCDM2'),
('1BM14ME049', '16ME5DCDM2'),
('1BM14ME050', '16ME5DCDM2'),
('1BM14ME051', '16ME5DCDM2'),
('1BM14ME052', '16ME5DCDM2'),
('1BM14ME053', '16ME5DCDM2');
INSERT INTO `StudentSubject` (`USN`, `CourseCode`) VALUES
('1BM14ME054', '16ME5DCDM2'),
('1BM14ME055', '16ME5DCDM2'),
('1BM14ME056', '16ME5DCDM2'),
('1BM14ME057', '16ME5DCDM2'),
('1BM14ME058', '16ME5DCDM2'),
('1BM14ME059', '16ME5DCDM2'),
('1BM14ME060', '16ME5DCDM2'),
('1BM14ME061', '16ME5DCDM2'),
('1BM14ME062', '16ME5DCDM2'),
('1BM14ME063', '16ME5DCDM2'),
('1BM14ME064', '16ME5DCDM2'),
('1BM14ME065', '16ME5DCDM2'),
('1BM14ME066', '16ME5DCDM2'),
('1BM14ME067', '16ME5DCDM2'),
('1BM14ME068', '16ME5DCDM2'),
('1BM14ME069', '16ME5DCDM2'),
('1BM14ME070', '16ME5DCDM2'),
('1BM14ME071', '16ME5DCDM2'),
('1BM14ME072', '16ME5DCDM2'),
('1BM14ME073', '16ME5DCDM2'),
('1BM14ME074', '16ME5DCDM2'),
('1BM14ME075', '16ME5DCDM2'),
('1BM14ME076', '16ME5DCDM2'),
('1BM14ME077', '16ME5DCDM2'),
('1BM14ME078', '16ME5DCDM2'),
('1BM14ME079', '16ME5DCDM2'),
('1BM14ME080', '16ME5DCDM2'),
('1BM14ME081', '16ME5DCDM2'),
('1BM14ME082', '16ME5DCDM2'),
('1BM14ME083', '16ME5DCDM2'),
('1BM14ME084', '16ME5DCDM2'),
('1BM14ME085', '16ME5DCDM2'),
('1BM14ME086', '16ME5DCDM2'),
('1BM14ME087', '16ME5DCDM2'),
('1BM14ME088', '16ME5DCDM2'),
('1BM14ME089', '16ME5DCDM2'),
('1BM14ME090', '16ME5DCDM2'),
('1BM14ME091', '16ME5DCDM2'),
('1BM14ME092', '16ME5DCDM2'),
('1BM14ME093', '16ME5DCDM2'),
('1BM14ME094', '16ME5DCDM2'),
('1BM14ME095', '16ME5DCDM2'),
('1BM14ME096', '16ME5DCDM2'),
('1BM14ME097', '16ME5DCDM2'),
('1BM14ME098', '16ME5DCDM2'),
('1BM14ME099', '16ME5DCDM2'),
('1BM14ME100', '16ME5DCDM2'),
('1BM14ME101', '16ME5DCDM2'),
('1BM14ME102', '16ME5DCDM2'),
('1BM14ME103', '16ME5DCDM2'),
('1BM14ME104', '16ME5DCDM2'),
('1BM14ME105', '16ME5DCDM2'),
('1BM14ME106', '16ME5DCDM2'),
('1BM14ME107', '16ME5DCDM2'),
('1BM14ME108', '16ME5DCDM2'),
('1BM14ME109', '16ME5DCDM2'),
('1BM14ME110', '16ME5DCDM2'),
('1BM14ME111', '16ME5DCDM2'),
('1BM14ME112', '16ME5DCDM2'),
('1BM14ME113', '16ME5DCDM2'),
('1BM14ME114', '16ME5DCDM2'),
('1BM14ME115', '16ME5DCDM2'),
('1BM14ME116', '16ME5DCDM2'),
('1BM14ME117', '16ME5DCDM2'),
('1BM14ME118', '16ME5DCDM2'),
('1BM14ME119', '16ME5DCDM2'),
('1BM14ME120', '16ME5DCDM2'),
('1BM14ME121', '16ME5DCDM2'),
('1BM14ME122', '16ME5DCDM2'),
('1BM14ME123', '16ME5DCDM2'),
('1BM14ME124', '16ME5DCDM2'),
('1BM14ME125', '16ME5DCDM2'),
('1BM14ME126', '16ME5DCDM2'),
('1BM14ME127', '16ME5DCDM2'),
('1BM14ME128', '16ME5DCDM2'),
('1BM14ME129', '16ME5DCDM2'),
('1BM14ME130', '16ME5DCDM2'),
('1BM14ME131', '16ME5DCDM2'),
('1BM14ME132', '16ME5DCDM2'),
('1BM14ME133', '16ME5DCDM2'),
('1BM14ME134', '16ME5DCDM2'),
('1BM14ME135', '16ME5DCDM2'),
('1BM14ME136', '16ME5DCDM2'),
('1BM14ME137', '16ME5DCDM2'),
('1BM14ME138', '16ME5DCDM2'),
('1BM14ME139', '16ME5DCDM2'),
('1BM14ME140', '16ME5DCDM2'),
('1BM14ME141', '16ME5DCDM2'),
('1BM14ME142', '16ME5DCDM2'),
('1BM14ME143', '16ME5DCDM2'),
('1BM14ME144', '16ME5DCDM2'),
('1BM14ME145', '16ME5DCDM2'),
('1BM14ME146', '16ME5DCDM2'),
('1BM14ME147', '16ME5DCDM2'),
('1BM14ME148', '16ME5DCDM2'),
('1BM14ME149', '16ME5DCDM2'),
('1BM14ME150', '16ME5DCDM2'),
('1BM14ME151', '16ME5DCDM2'),
('1BM14ME152', '16ME5DCDM2'),
('1BM14ME153', '16ME5DCDM2'),
('1BM14ME154', '16ME5DCDM2'),
('1BM14ME155', '16ME5DCDM2'),
('1BM14ME156', '16ME5DCDM2'),
('1BM14ME157', '16ME5DCDM2'),
('1BM14ME158', '16ME5DCDM2'),
('1BM14ME159', '16ME5DCDM2'),
('1BM14ME160', '16ME5DCDM2'),
('1BM14ME161', '16ME5DCDM2'),
('1BM14ME162', '16ME5DCDM2'),
('1BM14ME163', '16ME5DCDM2'),
('1BM14ME164', '16ME5DCDM2'),
('1BM14ME165', '16ME5DCDM2'),
('1BM14ME166', '16ME5DCDM2'),
('1BM14ME167', '16ME5DCDM2'),
('1BM14ME168', '16ME5DCDM2'),
('1BM14ME169', '16ME5DCDM2'),
('1BM14ME170', '16ME5DCDM2'),
('1BM14ME171', '16ME5DCDM2'),
('1BM14ME172', '16ME5DCDM2'),
('1BM14ME173', '16ME5DCDM2'),
('1BM14ME174', '16ME5DCDM2'),
('1BM14ME175', '16ME5DCDM2'),
('1BM14ME176', '16ME5DCDM2'),
('1BM14ME177', '16ME5DCDM2'),
('1BM14ME178', '16ME5DCDM2'),
('1BM14ME179', '16ME5DCDM2'),
('1BM14ME180', '16ME5DCDM2'),
('1BM14ME181', '16ME5DCDM2'),
('1BM14ME182', '16ME5DCDM2'),
('1BM14ME183', '16ME5DCDM2'),
('1BM14ME184', '16ME5DCDM2'),
('1BM14ME185', '16ME5DCDM2'),
('1BM14ME186', '16ME5DCDM2'),
('1BM14ME187', '16ME5DCDM2'),
('1BM14ME188', '16ME5DCDM2'),
('1BM14ME189', '16ME5DCDM2'),
('1BM14ME190', '16ME5DCDM2'),
('1BM14ME191', '16ME5DCDM2'),
('1BM14ME192', '16ME5DCDM2'),
('1BM14ME193', '16ME5DCDM2'),
('1BM14ME194', '16ME5DCDM2'),
('1BM14ME195', '16ME5DCDM2'),
('1BM14ME196', '16ME5DCDM2'),
('1BM14ME197', '16ME5DCDM2'),
('1BM14ME198', '16ME5DCDM2'),
('1BM14ME199', '16ME5DCDM2'),
('1BM14ME200', '16ME5DCDM2'),
('1BM14ME001', '16ME5DCCMD'),
('1BM14ME002', '16ME5DCCMD'),
('1BM14ME003', '16ME5DCCMD'),
('1BM14ME004', '16ME5DCCMD'),
('1BM14ME005', '16ME5DCCMD'),
('1BM14ME006', '16ME5DCCMD'),
('1BM14ME007', '16ME5DCCMD'),
('1BM14ME008', '16ME5DCCMD'),
('1BM14ME009', '16ME5DCCMD'),
('1BM14ME010', '16ME5DCCMD'),
('1BM14ME011', '16ME5DCCMD'),
('1BM14ME012', '16ME5DCCMD'),
('1BM14ME013', '16ME5DCCMD'),
('1BM14ME014', '16ME5DCCMD'),
('1BM14ME015', '16ME5DCCMD'),
('1BM14ME016', '16ME5DCCMD'),
('1BM14ME017', '16ME5DCCMD'),
('1BM14ME018', '16ME5DCCMD'),
('1BM14ME019', '16ME5DCCMD'),
('1BM14ME020', '16ME5DCCMD'),
('1BM14ME021', '16ME5DCCMD'),
('1BM14ME022', '16ME5DCCMD'),
('1BM14ME023', '16ME5DCCMD'),
('1BM14ME024', '16ME5DCCMD'),
('1BM14ME025', '16ME5DCCMD'),
('1BM14ME026', '16ME5DCCMD'),
('1BM14ME027', '16ME5DCCMD'),
('1BM14ME028', '16ME5DCCMD'),
('1BM14ME029', '16ME5DCCMD'),
('1BM14ME030', '16ME5DCCMD'),
('1BM14ME031', '16ME5DCCMD'),
('1BM14ME032', '16ME5DCCMD'),
('1BM14ME033', '16ME5DCCMD'),
('1BM14ME034', '16ME5DCCMD'),
('1BM14ME035', '16ME5DCCMD'),
('1BM14ME036', '16ME5DCCMD'),
('1BM14ME037', '16ME5DCCMD'),
('1BM14ME038', '16ME5DCCMD'),
('1BM14ME039', '16ME5DCCMD'),
('1BM14ME040', '16ME5DCCMD'),
('1BM14ME041', '16ME5DCCMD'),
('1BM14ME042', '16ME5DCCMD'),
('1BM14ME043', '16ME5DCCMD'),
('1BM14ME044', '16ME5DCCMD'),
('1BM14ME045', '16ME5DCCMD'),
('1BM14ME046', '16ME5DCCMD'),
('1BM14ME047', '16ME5DCCMD'),
('1BM14ME048', '16ME5DCCMD'),
('1BM14ME049', '16ME5DCCMD'),
('1BM14ME050', '16ME5DCCMD'),
('1BM14ME051', '16ME5DCCMD'),
('1BM14ME052', '16ME5DCCMD'),
('1BM14ME053', '16ME5DCCMD'),
('1BM14ME054', '16ME5DCCMD'),
('1BM14ME055', '16ME5DCCMD'),
('1BM14ME056', '16ME5DCCMD'),
('1BM14ME057', '16ME5DCCMD'),
('1BM14ME058', '16ME5DCCMD'),
('1BM14ME059', '16ME5DCCMD'),
('1BM14ME060', '16ME5DCCMD'),
('1BM14ME061', '16ME5DCCMD'),
('1BM14ME062', '16ME5DCCMD'),
('1BM14ME063', '16ME5DCCMD'),
('1BM14ME064', '16ME5DCCMD'),
('1BM14ME065', '16ME5DCCMD'),
('1BM14ME066', '16ME5DCCMD'),
('1BM14ME067', '16ME5DCCMD'),
('1BM14ME068', '16ME5DCCMD'),
('1BM14ME069', '16ME5DCCMD'),
('1BM14ME070', '16ME5DCCMD'),
('1BM14ME071', '16ME5DCCMD'),
('1BM14ME072', '16ME5DCCMD'),
('1BM14ME073', '16ME5DCCMD'),
('1BM14ME074', '16ME5DCCMD'),
('1BM14ME075', '16ME5DCCMD'),
('1BM14ME076', '16ME5DCCMD'),
('1BM14ME077', '16ME5DCCMD'),
('1BM14ME078', '16ME5DCCMD'),
('1BM14ME079', '16ME5DCCMD'),
('1BM14ME080', '16ME5DCCMD'),
('1BM14ME081', '16ME5DCCMD'),
('1BM14ME082', '16ME5DCCMD'),
('1BM14ME083', '16ME5DCCMD'),
('1BM14ME084', '16ME5DCCMD'),
('1BM14ME085', '16ME5DCCMD'),
('1BM14ME086', '16ME5DCCMD'),
('1BM14ME087', '16ME5DCCMD'),
('1BM14ME088', '16ME5DCCMD'),
('1BM14ME089', '16ME5DCCMD'),
('1BM14ME090', '16ME5DCCMD'),
('1BM14ME091', '16ME5DCCMD'),
('1BM14ME092', '16ME5DCCMD'),
('1BM14ME093', '16ME5DCCMD'),
('1BM14ME094', '16ME5DCCMD'),
('1BM14ME095', '16ME5DCCMD'),
('1BM14ME096', '16ME5DCCMD'),
('1BM14ME097', '16ME5DCCMD'),
('1BM14ME098', '16ME5DCCMD'),
('1BM14ME099', '16ME5DCCMD'),
('1BM14ME100', '16ME5DCCMD'),
('1BM14ME101', '16ME5DCCMD'),
('1BM14ME102', '16ME5DCCMD'),
('1BM14ME103', '16ME5DCCMD'),
('1BM14ME104', '16ME5DCCMD'),
('1BM14ME105', '16ME5DCCMD'),
('1BM14ME106', '16ME5DCCMD'),
('1BM14ME107', '16ME5DCCMD'),
('1BM14ME108', '16ME5DCCMD'),
('1BM14ME109', '16ME5DCCMD'),
('1BM14ME110', '16ME5DCCMD'),
('1BM14ME111', '16ME5DCCMD'),
('1BM14ME112', '16ME5DCCMD'),
('1BM14ME113', '16ME5DCCMD'),
('1BM14ME114', '16ME5DCCMD'),
('1BM14ME115', '16ME5DCCMD'),
('1BM14ME116', '16ME5DCCMD'),
('1BM14ME117', '16ME5DCCMD'),
('1BM14ME118', '16ME5DCCMD'),
('1BM14ME119', '16ME5DCCMD'),
('1BM14ME120', '16ME5DCCMD'),
('1BM14ME121', '16ME5DCCMD'),
('1BM14ME122', '16ME5DCCMD'),
('1BM14ME123', '16ME5DCCMD'),
('1BM14ME124', '16ME5DCCMD'),
('1BM14ME125', '16ME5DCCMD'),
('1BM14ME126', '16ME5DCCMD'),
('1BM14ME127', '16ME5DCCMD'),
('1BM14ME128', '16ME5DCCMD'),
('1BM14ME129', '16ME5DCCMD'),
('1BM14ME130', '16ME5DCCMD'),
('1BM14ME131', '16ME5DCCMD'),
('1BM14ME132', '16ME5DCCMD'),
('1BM14ME133', '16ME5DCCMD'),
('1BM14ME134', '16ME5DCCMD'),
('1BM14ME135', '16ME5DCCMD'),
('1BM14ME136', '16ME5DCCMD'),
('1BM14ME137', '16ME5DCCMD'),
('1BM14ME138', '16ME5DCCMD'),
('1BM14ME139', '16ME5DCCMD'),
('1BM14ME140', '16ME5DCCMD'),
('1BM14ME141', '16ME5DCCMD'),
('1BM14ME142', '16ME5DCCMD'),
('1BM14ME143', '16ME5DCCMD'),
('1BM14ME144', '16ME5DCCMD'),
('1BM14ME145', '16ME5DCCMD'),
('1BM14ME146', '16ME5DCCMD'),
('1BM14ME147', '16ME5DCCMD'),
('1BM14ME148', '16ME5DCCMD'),
('1BM14ME149', '16ME5DCCMD'),
('1BM14ME150', '16ME5DCCMD'),
('1BM14ME151', '16ME5DCCMD'),
('1BM14ME152', '16ME5DCCMD'),
('1BM14ME153', '16ME5DCCMD'),
('1BM14ME154', '16ME5DCCMD'),
('1BM14ME155', '16ME5DCCMD'),
('1BM14ME156', '16ME5DCCMD'),
('1BM14ME157', '16ME5DCCMD'),
('1BM14ME158', '16ME5DCCMD'),
('1BM14ME159', '16ME5DCCMD'),
('1BM14ME160', '16ME5DCCMD'),
('1BM14ME161', '16ME5DCCMD'),
('1BM14ME162', '16ME5DCCMD'),
('1BM14ME163', '16ME5DCCMD'),
('1BM14ME164', '16ME5DCCMD'),
('1BM14ME165', '16ME5DCCMD'),
('1BM14ME166', '16ME5DCCMD'),
('1BM14ME167', '16ME5DCCMD'),
('1BM14ME168', '16ME5DCCMD'),
('1BM14ME169', '16ME5DCCMD'),
('1BM14ME170', '16ME5DCCMD'),
('1BM14ME171', '16ME5DCCMD'),
('1BM14ME172', '16ME5DCCMD'),
('1BM14ME173', '16ME5DCCMD'),
('1BM14ME174', '16ME5DCCMD'),
('1BM14ME175', '16ME5DCCMD'),
('1BM14ME176', '16ME5DCCMD'),
('1BM14ME177', '16ME5DCCMD'),
('1BM14ME178', '16ME5DCCMD'),
('1BM14ME179', '16ME5DCCMD'),
('1BM14ME180', '16ME5DCCMD'),
('1BM14ME181', '16ME5DCCMD'),
('1BM14ME182', '16ME5DCCMD'),
('1BM14ME183', '16ME5DCCMD'),
('1BM14ME184', '16ME5DCCMD'),
('1BM14ME185', '16ME5DCCMD'),
('1BM14ME186', '16ME5DCCMD'),
('1BM14ME187', '16ME5DCCMD'),
('1BM14ME188', '16ME5DCCMD'),
('1BM14ME189', '16ME5DCCMD'),
('1BM14ME190', '16ME5DCCMD'),
('1BM14ME191', '16ME5DCCMD'),
('1BM14ME192', '16ME5DCCMD'),
('1BM14ME193', '16ME5DCCMD'),
('1BM14ME194', '16ME5DCCMD'),
('1BM14ME195', '16ME5DCCMD'),
('1BM14ME196', '16ME5DCCMD'),
('1BM14ME197', '16ME5DCCMD'),
('1BM14ME198', '16ME5DCCMD'),
('1BM14ME199', '16ME5DCCMD'),
('1BM14ME200', '16ME5DCCMD'),
('1BM14ME001', '16ME5DCDOM'),
('1BM14ME002', '16ME5DCDOM'),
('1BM14ME003', '16ME5DCDOM'),
('1BM14ME004', '16ME5DCDOM'),
('1BM14ME005', '16ME5DCDOM'),
('1BM14ME006', '16ME5DCDOM'),
('1BM14ME007', '16ME5DCDOM'),
('1BM14ME008', '16ME5DCDOM'),
('1BM14ME009', '16ME5DCDOM'),
('1BM14ME010', '16ME5DCDOM'),
('1BM14ME011', '16ME5DCDOM'),
('1BM14ME012', '16ME5DCDOM'),
('1BM14ME013', '16ME5DCDOM'),
('1BM14ME014', '16ME5DCDOM'),
('1BM14ME015', '16ME5DCDOM'),
('1BM14ME016', '16ME5DCDOM'),
('1BM14ME017', '16ME5DCDOM'),
('1BM14ME018', '16ME5DCDOM'),
('1BM14ME019', '16ME5DCDOM'),
('1BM14ME020', '16ME5DCDOM'),
('1BM14ME021', '16ME5DCDOM'),
('1BM14ME022', '16ME5DCDOM'),
('1BM14ME023', '16ME5DCDOM'),
('1BM14ME024', '16ME5DCDOM'),
('1BM14ME025', '16ME5DCDOM'),
('1BM14ME026', '16ME5DCDOM'),
('1BM14ME027', '16ME5DCDOM'),
('1BM14ME028', '16ME5DCDOM'),
('1BM14ME029', '16ME5DCDOM'),
('1BM14ME030', '16ME5DCDOM'),
('1BM14ME031', '16ME5DCDOM'),
('1BM14ME032', '16ME5DCDOM'),
('1BM14ME033', '16ME5DCDOM'),
('1BM14ME034', '16ME5DCDOM'),
('1BM14ME035', '16ME5DCDOM'),
('1BM14ME036', '16ME5DCDOM'),
('1BM14ME037', '16ME5DCDOM'),
('1BM14ME038', '16ME5DCDOM'),
('1BM14ME039', '16ME5DCDOM'),
('1BM14ME040', '16ME5DCDOM'),
('1BM14ME041', '16ME5DCDOM'),
('1BM14ME042', '16ME5DCDOM'),
('1BM14ME043', '16ME5DCDOM'),
('1BM14ME044', '16ME5DCDOM'),
('1BM14ME045', '16ME5DCDOM'),
('1BM14ME046', '16ME5DCDOM'),
('1BM14ME047', '16ME5DCDOM'),
('1BM14ME048', '16ME5DCDOM'),
('1BM14ME049', '16ME5DCDOM'),
('1BM14ME050', '16ME5DCDOM'),
('1BM14ME051', '16ME5DCDOM'),
('1BM14ME052', '16ME5DCDOM'),
('1BM14ME053', '16ME5DCDOM'),
('1BM14ME054', '16ME5DCDOM'),
('1BM14ME055', '16ME5DCDOM'),
('1BM14ME056', '16ME5DCDOM'),
('1BM14ME057', '16ME5DCDOM'),
('1BM14ME058', '16ME5DCDOM'),
('1BM14ME059', '16ME5DCDOM'),
('1BM14ME060', '16ME5DCDOM'),
('1BM14ME061', '16ME5DCDOM'),
('1BM14ME062', '16ME5DCDOM'),
('1BM14ME063', '16ME5DCDOM'),
('1BM14ME064', '16ME5DCDOM'),
('1BM14ME065', '16ME5DCDOM'),
('1BM14ME066', '16ME5DCDOM'),
('1BM14ME067', '16ME5DCDOM'),
('1BM14ME068', '16ME5DCDOM'),
('1BM14ME069', '16ME5DCDOM'),
('1BM14ME070', '16ME5DCDOM'),
('1BM14ME071', '16ME5DCDOM'),
('1BM14ME072', '16ME5DCDOM'),
('1BM14ME073', '16ME5DCDOM'),
('1BM14ME074', '16ME5DCDOM'),
('1BM14ME075', '16ME5DCDOM'),
('1BM14ME076', '16ME5DCDOM'),
('1BM14ME077', '16ME5DCDOM'),
('1BM14ME078', '16ME5DCDOM'),
('1BM14ME079', '16ME5DCDOM'),
('1BM14ME080', '16ME5DCDOM'),
('1BM14ME081', '16ME5DCDOM'),
('1BM14ME082', '16ME5DCDOM'),
('1BM14ME083', '16ME5DCDOM'),
('1BM14ME084', '16ME5DCDOM'),
('1BM14ME085', '16ME5DCDOM'),
('1BM14ME086', '16ME5DCDOM'),
('1BM14ME087', '16ME5DCDOM'),
('1BM14ME088', '16ME5DCDOM'),
('1BM14ME089', '16ME5DCDOM'),
('1BM14ME090', '16ME5DCDOM'),
('1BM14ME091', '16ME5DCDOM'),
('1BM14ME092', '16ME5DCDOM'),
('1BM14ME093', '16ME5DCDOM'),
('1BM14ME094', '16ME5DCDOM'),
('1BM14ME095', '16ME5DCDOM'),
('1BM14ME096', '16ME5DCDOM'),
('1BM14ME097', '16ME5DCDOM'),
('1BM14ME098', '16ME5DCDOM'),
('1BM14ME099', '16ME5DCDOM'),
('1BM14ME100', '16ME5DCDOM'),
('1BM14ME101', '16ME5DCDOM'),
('1BM14ME102', '16ME5DCDOM'),
('1BM14ME103', '16ME5DCDOM'),
('1BM14ME104', '16ME5DCDOM'),
('1BM14ME105', '16ME5DCDOM'),
('1BM14ME106', '16ME5DCDOM'),
('1BM14ME107', '16ME5DCDOM'),
('1BM14ME108', '16ME5DCDOM'),
('1BM14ME109', '16ME5DCDOM'),
('1BM14ME110', '16ME5DCDOM'),
('1BM14ME111', '16ME5DCDOM'),
('1BM14ME112', '16ME5DCDOM'),
('1BM14ME113', '16ME5DCDOM'),
('1BM14ME114', '16ME5DCDOM'),
('1BM14ME115', '16ME5DCDOM'),
('1BM14ME116', '16ME5DCDOM'),
('1BM14ME117', '16ME5DCDOM'),
('1BM14ME118', '16ME5DCDOM'),
('1BM14ME119', '16ME5DCDOM'),
('1BM14ME120', '16ME5DCDOM'),
('1BM14ME121', '16ME5DCDOM'),
('1BM14ME122', '16ME5DCDOM'),
('1BM14ME123', '16ME5DCDOM'),
('1BM14ME124', '16ME5DCDOM'),
('1BM14ME125', '16ME5DCDOM'),
('1BM14ME126', '16ME5DCDOM'),
('1BM14ME127', '16ME5DCDOM'),
('1BM14ME128', '16ME5DCDOM'),
('1BM14ME129', '16ME5DCDOM'),
('1BM14ME130', '16ME5DCDOM'),
('1BM14ME131', '16ME5DCDOM'),
('1BM14ME132', '16ME5DCDOM'),
('1BM14ME133', '16ME5DCDOM'),
('1BM14ME134', '16ME5DCDOM'),
('1BM14ME135', '16ME5DCDOM'),
('1BM14ME136', '16ME5DCDOM'),
('1BM14ME137', '16ME5DCDOM'),
('1BM14ME138', '16ME5DCDOM'),
('1BM14ME139', '16ME5DCDOM'),
('1BM14ME140', '16ME5DCDOM'),
('1BM14ME141', '16ME5DCDOM'),
('1BM14ME142', '16ME5DCDOM'),
('1BM14ME143', '16ME5DCDOM'),
('1BM14ME144', '16ME5DCDOM'),
('1BM14ME145', '16ME5DCDOM'),
('1BM14ME146', '16ME5DCDOM'),
('1BM14ME147', '16ME5DCDOM'),
('1BM14ME148', '16ME5DCDOM'),
('1BM14ME149', '16ME5DCDOM'),
('1BM14ME150', '16ME5DCDOM'),
('1BM14ME151', '16ME5DCDOM'),
('1BM14ME152', '16ME5DCDOM'),
('1BM14ME153', '16ME5DCDOM'),
('1BM14ME154', '16ME5DCDOM'),
('1BM14ME155', '16ME5DCDOM'),
('1BM14ME156', '16ME5DCDOM'),
('1BM14ME157', '16ME5DCDOM'),
('1BM14ME158', '16ME5DCDOM'),
('1BM14ME159', '16ME5DCDOM'),
('1BM14ME160', '16ME5DCDOM'),
('1BM14ME161', '16ME5DCDOM'),
('1BM14ME162', '16ME5DCDOM'),
('1BM14ME163', '16ME5DCDOM'),
('1BM14ME164', '16ME5DCDOM'),
('1BM14ME165', '16ME5DCDOM'),
('1BM14ME166', '16ME5DCDOM'),
('1BM14ME167', '16ME5DCDOM'),
('1BM14ME168', '16ME5DCDOM'),
('1BM14ME169', '16ME5DCDOM'),
('1BM14ME170', '16ME5DCDOM'),
('1BM14ME171', '16ME5DCDOM'),
('1BM14ME172', '16ME5DCDOM'),
('1BM14ME173', '16ME5DCDOM'),
('1BM14ME174', '16ME5DCDOM'),
('1BM14ME175', '16ME5DCDOM'),
('1BM14ME176', '16ME5DCDOM'),
('1BM14ME177', '16ME5DCDOM'),
('1BM14ME178', '16ME5DCDOM'),
('1BM14ME179', '16ME5DCDOM'),
('1BM14ME180', '16ME5DCDOM'),
('1BM14ME181', '16ME5DCDOM'),
('1BM14ME182', '16ME5DCDOM'),
('1BM14ME183', '16ME5DCDOM'),
('1BM14ME184', '16ME5DCDOM'),
('1BM14ME185', '16ME5DCDOM'),
('1BM14ME186', '16ME5DCDOM'),
('1BM14ME187', '16ME5DCDOM'),
('1BM14ME188', '16ME5DCDOM'),
('1BM14ME189', '16ME5DCDOM'),
('1BM14ME190', '16ME5DCDOM'),
('1BM14ME191', '16ME5DCDOM'),
('1BM14ME192', '16ME5DCDOM'),
('1BM14ME193', '16ME5DCDOM'),
('1BM14ME194', '16ME5DCDOM'),
('1BM14ME195', '16ME5DCDOM'),
('1BM14ME196', '16ME5DCDOM'),
('1BM14ME197', '16ME5DCDOM'),
('1BM14ME198', '16ME5DCDOM'),
('1BM14ME199', '16ME5DCDOM'),
('1BM14ME200', '16ME5DCDOM'),
('1BM14ME001', '16ME5DCFHT'),
('1BM14ME002', '16ME5DCFHT'),
('1BM14ME003', '16ME5DCFHT'),
('1BM14ME004', '16ME5DCFHT'),
('1BM14ME005', '16ME5DCFHT'),
('1BM14ME006', '16ME5DCFHT'),
('1BM14ME007', '16ME5DCFHT'),
('1BM14ME008', '16ME5DCFHT'),
('1BM14ME009', '16ME5DCFHT'),
('1BM14ME010', '16ME5DCFHT'),
('1BM14ME011', '16ME5DCFHT'),
('1BM14ME012', '16ME5DCFHT'),
('1BM14ME013', '16ME5DCFHT'),
('1BM14ME014', '16ME5DCFHT'),
('1BM14ME015', '16ME5DCFHT'),
('1BM14ME016', '16ME5DCFHT'),
('1BM14ME017', '16ME5DCFHT'),
('1BM14ME018', '16ME5DCFHT'),
('1BM14ME019', '16ME5DCFHT'),
('1BM14ME020', '16ME5DCFHT'),
('1BM14ME021', '16ME5DCFHT'),
('1BM14ME022', '16ME5DCFHT'),
('1BM14ME023', '16ME5DCFHT'),
('1BM14ME024', '16ME5DCFHT'),
('1BM14ME025', '16ME5DCFHT'),
('1BM14ME026', '16ME5DCFHT'),
('1BM14ME027', '16ME5DCFHT'),
('1BM14ME028', '16ME5DCFHT'),
('1BM14ME029', '16ME5DCFHT'),
('1BM14ME030', '16ME5DCFHT'),
('1BM14ME031', '16ME5DCFHT'),
('1BM14ME032', '16ME5DCFHT'),
('1BM14ME033', '16ME5DCFHT'),
('1BM14ME034', '16ME5DCFHT'),
('1BM14ME035', '16ME5DCFHT'),
('1BM14ME036', '16ME5DCFHT'),
('1BM14ME037', '16ME5DCFHT'),
('1BM14ME038', '16ME5DCFHT'),
('1BM14ME039', '16ME5DCFHT'),
('1BM14ME040', '16ME5DCFHT'),
('1BM14ME041', '16ME5DCFHT'),
('1BM14ME042', '16ME5DCFHT'),
('1BM14ME043', '16ME5DCFHT'),
('1BM14ME044', '16ME5DCFHT'),
('1BM14ME045', '16ME5DCFHT'),
('1BM14ME046', '16ME5DCFHT'),
('1BM14ME047', '16ME5DCFHT'),
('1BM14ME048', '16ME5DCFHT'),
('1BM14ME049', '16ME5DCFHT'),
('1BM14ME050', '16ME5DCFHT'),
('1BM14ME051', '16ME5DCFHT'),
('1BM14ME052', '16ME5DCFHT'),
('1BM14ME053', '16ME5DCFHT'),
('1BM14ME054', '16ME5DCFHT'),
('1BM14ME055', '16ME5DCFHT'),
('1BM14ME056', '16ME5DCFHT'),
('1BM14ME057', '16ME5DCFHT'),
('1BM14ME058', '16ME5DCFHT'),
('1BM14ME059', '16ME5DCFHT'),
('1BM14ME060', '16ME5DCFHT'),
('1BM14ME061', '16ME5DCFHT'),
('1BM14ME062', '16ME5DCFHT'),
('1BM14ME063', '16ME5DCFHT'),
('1BM14ME064', '16ME5DCFHT'),
('1BM14ME065', '16ME5DCFHT'),
('1BM14ME066', '16ME5DCFHT'),
('1BM14ME067', '16ME5DCFHT'),
('1BM14ME068', '16ME5DCFHT'),
('1BM14ME069', '16ME5DCFHT'),
('1BM14ME070', '16ME5DCFHT'),
('1BM14ME071', '16ME5DCFHT'),
('1BM14ME072', '16ME5DCFHT'),
('1BM14ME073', '16ME5DCFHT'),
('1BM14ME074', '16ME5DCFHT'),
('1BM14ME075', '16ME5DCFHT'),
('1BM14ME076', '16ME5DCFHT'),
('1BM14ME077', '16ME5DCFHT'),
('1BM14ME078', '16ME5DCFHT'),
('1BM14ME079', '16ME5DCFHT'),
('1BM14ME080', '16ME5DCFHT'),
('1BM14ME081', '16ME5DCFHT'),
('1BM14ME082', '16ME5DCFHT'),
('1BM14ME083', '16ME5DCFHT'),
('1BM14ME084', '16ME5DCFHT'),
('1BM14ME085', '16ME5DCFHT'),
('1BM14ME086', '16ME5DCFHT'),
('1BM14ME087', '16ME5DCFHT'),
('1BM14ME088', '16ME5DCFHT'),
('1BM14ME089', '16ME5DCFHT'),
('1BM14ME090', '16ME5DCFHT'),
('1BM14ME091', '16ME5DCFHT'),
('1BM14ME092', '16ME5DCFHT'),
('1BM14ME093', '16ME5DCFHT'),
('1BM14ME094', '16ME5DCFHT'),
('1BM14ME095', '16ME5DCFHT'),
('1BM14ME096', '16ME5DCFHT'),
('1BM14ME097', '16ME5DCFHT'),
('1BM14ME098', '16ME5DCFHT'),
('1BM14ME099', '16ME5DCFHT'),
('1BM14ME100', '16ME5DCFHT'),
('1BM14ME101', '16ME5DCFHT'),
('1BM14ME102', '16ME5DCFHT'),
('1BM14ME103', '16ME5DCFHT'),
('1BM14ME104', '16ME5DCFHT'),
('1BM14ME105', '16ME5DCFHT'),
('1BM14ME106', '16ME5DCFHT'),
('1BM14ME107', '16ME5DCFHT'),
('1BM14ME108', '16ME5DCFHT'),
('1BM14ME109', '16ME5DCFHT'),
('1BM14ME110', '16ME5DCFHT'),
('1BM14ME111', '16ME5DCFHT'),
('1BM14ME112', '16ME5DCFHT'),
('1BM14ME113', '16ME5DCFHT'),
('1BM14ME114', '16ME5DCFHT'),
('1BM14ME115', '16ME5DCFHT'),
('1BM14ME116', '16ME5DCFHT'),
('1BM14ME117', '16ME5DCFHT'),
('1BM14ME118', '16ME5DCFHT'),
('1BM14ME119', '16ME5DCFHT'),
('1BM14ME120', '16ME5DCFHT'),
('1BM14ME121', '16ME5DCFHT'),
('1BM14ME122', '16ME5DCFHT'),
('1BM14ME123', '16ME5DCFHT'),
('1BM14ME124', '16ME5DCFHT'),
('1BM14ME125', '16ME5DCFHT'),
('1BM14ME126', '16ME5DCFHT'),
('1BM14ME127', '16ME5DCFHT'),
('1BM14ME128', '16ME5DCFHT'),
('1BM14ME129', '16ME5DCFHT'),
('1BM14ME130', '16ME5DCFHT'),
('1BM14ME131', '16ME5DCFHT'),
('1BM14ME132', '16ME5DCFHT'),
('1BM14ME133', '16ME5DCFHT'),
('1BM14ME134', '16ME5DCFHT'),
('1BM14ME135', '16ME5DCFHT'),
('1BM14ME136', '16ME5DCFHT'),
('1BM14ME137', '16ME5DCFHT'),
('1BM14ME138', '16ME5DCFHT'),
('1BM14ME139', '16ME5DCFHT'),
('1BM14ME140', '16ME5DCFHT'),
('1BM14ME141', '16ME5DCFHT'),
('1BM14ME142', '16ME5DCFHT'),
('1BM14ME143', '16ME5DCFHT'),
('1BM14ME144', '16ME5DCFHT'),
('1BM14ME145', '16ME5DCFHT'),
('1BM14ME146', '16ME5DCFHT'),
('1BM14ME147', '16ME5DCFHT'),
('1BM14ME148', '16ME5DCFHT'),
('1BM14ME149', '16ME5DCFHT'),
('1BM14ME150', '16ME5DCFHT'),
('1BM14ME151', '16ME5DCFHT'),
('1BM14ME152', '16ME5DCFHT'),
('1BM14ME153', '16ME5DCFHT'),
('1BM14ME154', '16ME5DCFHT'),
('1BM14ME155', '16ME5DCFHT'),
('1BM14ME156', '16ME5DCFHT'),
('1BM14ME157', '16ME5DCFHT'),
('1BM14ME158', '16ME5DCFHT'),
('1BM14ME159', '16ME5DCFHT'),
('1BM14ME160', '16ME5DCFHT'),
('1BM14ME161', '16ME5DCFHT'),
('1BM14ME162', '16ME5DCFHT'),
('1BM14ME163', '16ME5DCFHT'),
('1BM14ME164', '16ME5DCFHT'),
('1BM14ME165', '16ME5DCFHT'),
('1BM14ME166', '16ME5DCFHT'),
('1BM14ME167', '16ME5DCFHT'),
('1BM14ME168', '16ME5DCFHT'),
('1BM14ME169', '16ME5DCFHT'),
('1BM14ME170', '16ME5DCFHT'),
('1BM14ME171', '16ME5DCFHT'),
('1BM14ME172', '16ME5DCFHT'),
('1BM14ME173', '16ME5DCFHT'),
('1BM14ME174', '16ME5DCFHT'),
('1BM14ME175', '16ME5DCFHT'),
('1BM14ME176', '16ME5DCFHT'),
('1BM14ME177', '16ME5DCFHT'),
('1BM14ME178', '16ME5DCFHT'),
('1BM14ME179', '16ME5DCFHT'),
('1BM14ME180', '16ME5DCFHT'),
('1BM14ME181', '16ME5DCFHT'),
('1BM14ME182', '16ME5DCFHT'),
('1BM14ME183', '16ME5DCFHT'),
('1BM14ME184', '16ME5DCFHT'),
('1BM14ME185', '16ME5DCFHT'),
('1BM14ME186', '16ME5DCFHT'),
('1BM14ME187', '16ME5DCFHT'),
('1BM14ME188', '16ME5DCFHT'),
('1BM14ME189', '16ME5DCFHT'),
('1BM14ME190', '16ME5DCFHT'),
('1BM14ME191', '16ME5DCFHT'),
('1BM14ME192', '16ME5DCFHT'),
('1BM14ME193', '16ME5DCFHT'),
('1BM14ME194', '16ME5DCFHT'),
('1BM14ME195', '16ME5DCFHT'),
('1BM14ME196', '16ME5DCFHT'),
('1BM14ME197', '16ME5DCFHT'),
('1BM14ME198', '16ME5DCFHT'),
('1BM14ME199', '16ME5DCFHT'),
('1BM14ME200', '16ME5DCFHT'),
('1BM14ME001', '16ME5DETOE'),
('1BM14ME002', '16ME5DETOE'),
('1BM14ME003', '16ME5DETOE'),
('1BM14ME004', '16ME5DETOE'),
('1BM14ME005', '16ME5DETOE'),
('1BM14ME006', '16ME5DETOE'),
('1BM14ME007', '16ME5DETOE'),
('1BM14ME008', '16ME5DETOE'),
('1BM14ME009', '16ME5DETOE'),
('1BM14ME010', '16ME5DETOE'),
('1BM14ME011', '16ME5DETOE'),
('1BM14ME012', '16ME5DETOE'),
('1BM14ME013', '16ME5DETOE'),
('1BM14ME014', '16ME5DETOE'),
('1BM14ME015', '16ME5DETOE'),
('1BM14ME016', '16ME5DETOE'),
('1BM14ME017', '16ME5DETOE'),
('1BM14ME018', '16ME5DETOE'),
('1BM14ME019', '16ME5DETOE'),
('1BM14ME020', '16ME5DETOE'),
('1BM14ME021', '16ME5DETOE'),
('1BM14ME022', '16ME5DETOE'),
('1BM14ME023', '16ME5DETOE'),
('1BM14ME024', '16ME5DETOE'),
('1BM14ME025', '16ME5DETOE'),
('1BM14ME026', '16ME5DETOE'),
('1BM14ME027', '16ME5DETOE'),
('1BM14ME028', '16ME5DETOE'),
('1BM14ME029', '16ME5DETOE'),
('1BM14ME030', '16ME5DETOE'),
('1BM14ME031', '16ME5DETOE'),
('1BM14ME032', '16ME5DETOE'),
('1BM14ME033', '16ME5DETOE'),
('1BM14ME034', '16ME5DETOE'),
('1BM14ME035', '16ME5DETOE'),
('1BM14ME036', '16ME5DETOE'),
('1BM14ME037', '16ME5DETOE'),
('1BM14ME038', '16ME5DETOE'),
('1BM14ME039', '16ME5DETOE'),
('1BM14ME040', '16ME5DETOE'),
('1BM14ME041', '16ME5DETOE'),
('1BM14ME042', '16ME5DETOE'),
('1BM14ME043', '16ME5DETOE'),
('1BM14ME044', '16ME5DETOE'),
('1BM14ME045', '16ME5DETOE'),
('1BM14ME046', '16ME5DETOE'),
('1BM14ME047', '16ME5DETOE'),
('1BM14ME048', '16ME5DETOE'),
('1BM14ME049', '16ME5DETOE'),
('1BM14ME050', '16ME5DETOE'),
('1BM14ME051', '16ME5DENTM'),
('1BM14ME052', '16ME5DENTM'),
('1BM14ME053', '16ME5DENTM'),
('1BM14ME054', '16ME5DENTM'),
('1BM14ME055', '16ME5DENTM'),
('1BM14ME056', '16ME5DENTM'),
('1BM14ME057', '16ME5DENTM'),
('1BM14ME058', '16ME5DENTM'),
('1BM14ME059', '16ME5DENTM'),
('1BM14ME060', '16ME5DENTM'),
('1BM14ME061', '16ME5DENTM'),
('1BM14ME062', '16ME5DENTM'),
('1BM14ME063', '16ME5DENTM'),
('1BM14ME064', '16ME5DENTM'),
('1BM14ME065', '16ME5DENTM'),
('1BM14ME066', '16ME5DENTM'),
('1BM14ME067', '16ME5DENTM'),
('1BM14ME068', '16ME5DENTM'),
('1BM14ME069', '16ME5DENTM'),
('1BM14ME070', '16ME5DENTM'),
('1BM14ME071', '16ME5DENTM'),
('1BM14ME072', '16ME5DENTM'),
('1BM14ME073', '16ME5DENTM'),
('1BM14ME074', '16ME5DENTM'),
('1BM14ME075', '16ME5DENTM'),
('1BM14ME076', '16ME5DENTM'),
('1BM14ME077', '16ME5DENTM'),
('1BM14ME078', '16ME5DENTM'),
('1BM14ME079', '16ME5DENTM'),
('1BM14ME080', '16ME5DENTM'),
('1BM14ME081', '16ME5DENTM'),
('1BM14ME082', '16ME5DENTM'),
('1BM14ME083', '16ME5DENTM'),
('1BM14ME084', '16ME5DENTM'),
('1BM14ME085', '16ME5DENTM'),
('1BM14ME086', '16ME5DENTM'),
('1BM14ME087', '16ME5DENTM'),
('1BM14ME088', '16ME5DENTM'),
('1BM14ME089', '16ME5DENTM'),
('1BM14ME090', '16ME5DENTM'),
('1BM14ME091', '16ME5DENTM'),
('1BM14ME092', '16ME5DENTM'),
('1BM14ME093', '16ME5DENTM'),
('1BM14ME094', '16ME5DENTM'),
('1BM14ME095', '16ME5DENTM'),
('1BM14ME096', '16ME5DENTM'),
('1BM14ME097', '16ME5DENTM'),
('1BM14ME098', '16ME5DENTM'),
('1BM14ME099', '16ME5DENTM'),
('1BM14ME100', '16ME5DENTM'),
('1BM14ME101', '16ME5DEICE'),
('1BM14ME102', '16ME5DEICE'),
('1BM14ME103', '16ME5DEICE'),
('1BM14ME104', '16ME5DEICE'),
('1BM14ME105', '16ME5DEICE'),
('1BM14ME106', '16ME5DEICE'),
('1BM14ME107', '16ME5DEICE'),
('1BM14ME108', '16ME5DEICE'),
('1BM14ME109', '16ME5DEICE'),
('1BM14ME110', '16ME5DEICE'),
('1BM14ME111', '16ME5DEICE'),
('1BM14ME112', '16ME5DEICE'),
('1BM14ME113', '16ME5DEICE'),
('1BM14ME114', '16ME5DEICE'),
('1BM14ME115', '16ME5DEICE'),
('1BM14ME116', '16ME5DEICE'),
('1BM14ME117', '16ME5DEICE'),
('1BM14ME118', '16ME5DEICE'),
('1BM14ME119', '16ME5DEICE'),
('1BM14ME120', '16ME5DEICE'),
('1BM14ME121', '16ME5DEICE'),
('1BM14ME122', '16ME5DEICE'),
('1BM14ME123', '16ME5DEICE'),
('1BM14ME124', '16ME5DEICE'),
('1BM14ME125', '16ME5DEICE'),
('1BM14ME126', '16ME5DEICE'),
('1BM14ME127', '16ME5DEICE'),
('1BM14ME128', '16ME5DEICE'),
('1BM14ME129', '16ME5DEICE'),
('1BM14ME130', '16ME5DEICE'),
('1BM14ME131', '16ME5DEICE'),
('1BM14ME132', '16ME5DEICE'),
('1BM14ME133', '16ME5DEICE'),
('1BM14ME134', '16ME5DEICE'),
('1BM14ME135', '16ME5DEICE'),
('1BM14ME136', '16ME5DEICE'),
('1BM14ME137', '16ME5DEICE'),
('1BM14ME138', '16ME5DEICE'),
('1BM14ME139', '16ME5DEICE'),
('1BM14ME140', '16ME5DEICE'),
('1BM14ME141', '16ME5DEICE'),
('1BM14ME142', '16ME5DEICE'),
('1BM14ME143', '16ME5DEICE'),
('1BM14ME144', '16ME5DEICE'),
('1BM14ME145', '16ME5DEICE'),
('1BM14ME146', '16ME5DEICE'),
('1BM14ME147', '16ME5DEICE'),
('1BM14ME148', '16ME5DEICE'),
('1BM14ME149', '16ME5DEICE'),
('1BM14ME150', '16ME5DEICE'),
('1BM14ME151', '16ME5DE1FD'),
('1BM14ME152', '16ME5DE1FD'),
('1BM14ME153', '16ME5DE1FD'),
('1BM14ME154', '16ME5DE1FD'),
('1BM14ME155', '16ME5DE1FD'),
('1BM14ME156', '16ME5DE1FD'),
('1BM14ME157', '16ME5DE1FD'),
('1BM14ME158', '16ME5DE1FD'),
('1BM14ME159', '16ME5DE1FD'),
('1BM14ME160', '16ME5DE1FD'),
('1BM14ME161', '16ME5DE1FD'),
('1BM14ME162', '16ME5DE1FD'),
('1BM14ME163', '16ME5DE1FD'),
('1BM14ME164', '16ME5DE1FD'),
('1BM14ME165', '16ME5DE1FD'),
('1BM14ME166', '16ME5DE1FD'),
('1BM14ME167', '16ME5DE1FD'),
('1BM14ME168', '16ME5DE1FD'),
('1BM14ME169', '16ME5DE1FD'),
('1BM14ME170', '16ME5DE1FD'),
('1BM14ME171', '16ME5DE1FD'),
('1BM14ME172', '16ME5DE1FD'),
('1BM14ME173', '16ME5DE1FD'),
('1BM14ME174', '16ME5DE1FD'),
('1BM14ME175', '16ME5DE1FD'),
('1BM14ME176', '16ME5DE1FD'),
('1BM14ME177', '16ME5DE1FD'),
('1BM14ME178', '16ME5DE1FD'),
('1BM14ME179', '16ME5DE1FD'),
('1BM14ME180', '16ME5DE1FD'),
('1BM14ME181', '16ME5DE1FD'),
('1BM14ME182', '16ME5DE1FD'),
('1BM14ME183', '16ME5DE1FD'),
('1BM14ME184', '16ME5DE1FD'),
('1BM14ME185', '16ME5DE1FD'),
('1BM14ME186', '16ME5DE1FD'),
('1BM14ME187', '16ME5DE1FD'),
('1BM14ME188', '16ME5DE1FD'),
('1BM14ME189', '16ME5DE1FD'),
('1BM14ME190', '16ME5DE1FD'),
('1BM14ME191', '16ME5DE1FD'),
('1BM14ME192', '16ME5DE1FD'),
('1BM14ME193', '16ME5DE1FD'),
('1BM14ME194', '16ME5DE1FD'),
('1BM14ME195', '16ME5DE1FD'),
('1BM14ME196', '16ME5DE1FD'),
('1BM14ME197', '16ME5DE1FD'),
('1BM14ME198', '16ME5DE1FD'),
('1BM14ME199', '16ME5DE1FD'),
('1BM14ME200', '16ME5DE1FD');

-- --------------------------------------------------------

--
-- Table structure for table `subject`
--

CREATE TABLE `Subject` (
  `CourseCode` varchar(255) NOT NULL,
  `InstitutionalElective` tinyint(1) DEFAULT NULL,
  `DepartmentElective` tinyint(1) DEFAULT NULL,
  `ClusterElective` tinyint(1) DEFAULT NULL,
  `Name` varchar(255) DEFAULT NULL
) ENGINE=InnoDB DEFAULT CHARSET=latin1;

--
-- Dumping data for table `subject`
--

INSERT INTO `Subject` (`CourseCode`, `InstitutionalElective`, `DepartmentElective`, `ClusterElective`, `Name`) VALUES
('16EC5DCCSM', 0, 0, 0, 'CONTROL SYSTEM'),
('16EC5DCCT1', 0, 0, 0, 'COMMUNICATION THEORY-1'),
('16EC5DCDSP', 0, 0, 0, 'DIGITAL SIGNAL PROCESSING'),
('16EC5DCFOV', 0, 0, 0, 'FUNDAMENTALS OF VLSI'),
('16EC5DCMWE', 0, 0, 0, 'MICROWAVE ENGINEERING'),
('16EC5DE1CA', 0, 1, 0, 'COMPUTER ARCHITECTURE'),
('16EC5DE1IP', 0, 1, 0, 'IMAGE PROCESSING'),
('16EC5DE1OP', 0, 1, 0, 'OOPs USING C++'),
('16IS5DCDBM', 0, 0, 0, 'DATABASE MANAGEMENT SYSTEMS'),
('16IS5DCDCN', 0, 0, 0, 'DATA COMMUNICATION AND NETWORKING'),
('16IS5DCJAV', 0, 0, 0, 'PROGRAMMING WITH JAVA'),
('16IS5DCWEP', 0, 0, 0, 'WEB PROGRAMMING'),
('16IS5DEAIN', 0, 1, 0, 'ARTIFICIAL INTELLIGENCE'),
('16IS5DEDMG', 0, 1, 0, 'DATA MINING'),
('16ME5DCCMD', 0, 0, 0, 'COMPUTER AIDED MACHINE DRAWING'),
('16ME5DCDM2', 0, 0, 0, 'DESIGN OF MACHINE ELEMENTS -II'),
('16ME5DCDOM', 0, 0, 0, 'DYNAMICS OF MACHINES'),
('16ME5DCFHT', 0, 0, 0, 'FUNDAMENTALS OF HEAT TRANSFER'),
('16ME5DCMAE', 0, 0, 0, 'MANAGEMENT & ENTREPRENEURSHIP'),
('16ME5DE1FD', 0, 1, 0, 'INCOMPRESSIBLE FLUID DYNAMICS'),
('16ME5DEICE', 0, 1, 0, 'I.C ENGINES'),
('16ME5DENTM', 0, 1, 0, 'NON-TRADITIONAL MACHINES'),
('16ME5DETOE', 0, 1, 0, 'THEORY OF ELASTICITY'),
('16TE5DCACM', 0, 0, 0, 'ANALOG COMMUNICATION'),
('16TE5DCCN1', 0, 0, 0, 'COMPUTER COMMUNICATION NETWORKS-1'),
('16TE5DCDTS', 0, 0, 0, 'DISCRETE TIME SIGNAL PROCESSING'),
('16TE5DCLCS', 0, 0, 0, 'LINEAR CONTROL SYSTEMS'),
('16TE5DCVLI', 0, 0, 0, 'FUNDAMENTALS OF VLSI'),
('16TE5DE1OS', 0, 1, 0, 'OPERATING SYSTEMS');

--
-- Indexes for dumped tables
--

--
-- Indexes for table `department`
--
ALTER TABLE `Department`
  ADD PRIMARY KEY (`DepartmentID`);

--
-- Indexes for table `departmentsubject`
--
ALTER TABLE `DepartmentSubject`
  ADD KEY `DepartmentID` (`DepartmentID`),
  ADD KEY `CourseCode` (`CourseCode`);

--
-- Indexes for table `dependency`
--
ALTER TABLE `Dependency`
  ADD PRIMARY KEY (`DependencyID`),
  ADD KEY `CourseCode` (`CourseCode`),
  ADD KEY `RoomID` (`RoomID`);

--
-- Indexes for table `room`
--
ALTER TABLE `Room`
  ADD PRIMARY KEY (`RoomID`);

--
-- Indexes for table `student`
--
ALTER TABLE `Student`
  ADD PRIMARY KEY (`USN`),
  ADD KEY `DepartmentID` (`DepartmentID`);

--
-- Indexes for table `studentsubject`
--
ALTER TABLE `StudentSubject`
  ADD KEY `USN` (`USN`),
  ADD KEY `CourseCode` (`CourseCode`);

--
-- Indexes for table `subject`
--
ALTER TABLE `Subject`
  ADD PRIMARY KEY (`CourseCode`);

--
-- Constraints for dumped tables
--

--
-- Constraints for table `departmentsubject`
--
ALTER TABLE `DepartmentSubject`
  ADD CONSTRAINT `departmentsubject_ibfk_1` FOREIGN KEY (`DepartmentID`) REFERENCES `Department` (`DepartmentID`),
  ADD CONSTRAINT `departmentsubject_ibfk_2` FOREIGN KEY (`CourseCode`) REFERENCES `Subject` (`CourseCode`);

--
-- Constraints for table `dependency`
--
ALTER TABLE `Dependency`
  ADD CONSTRAINT `dependency_ibfk_1` FOREIGN KEY (`CourseCode`) REFERENCES `Subject` (`CourseCode`),
  ADD CONSTRAINT `dependency_ibfk_2` FOREIGN KEY (`RoomID`) REFERENCES `Room` (`RoomID`);

--
-- Constraints for table `student`
--
ALTER TABLE `Student`
  ADD CONSTRAINT `student_ibfk_1` FOREIGN KEY (`DepartmentID`) REFERENCES `Department` (`DepartmentID`);

--
-- Constraints for table `studentsubject`
--
ALTER TABLE `StudentSubject`
  ADD CONSTRAINT `studentsubject_ibfk_1` FOREIGN KEY (`USN`) REFERENCES `Student` (`USN`),
  ADD CONSTRAINT `studentsubject_ibfk_2` FOREIGN KEY (`CourseCode`) REFERENCES `Subject` (`CourseCode`);

/*!40101 SET CHARACTER_SET_CLIENT=@OLD_CHARACTER_SET_CLIENT */;
/*!40101 SET CHARACTER_SET_RESULTS=@OLD_CHARACTER_SET_RESULTS */;
/*!40101 SET COLLATION_CONNECTION=@OLD_COLLATION_CONNECTION */;
