-- ALTER TABLE `Department` ADD `ClusterID` INT(11) NOT NULL AFTER `Intake`;
-- UPDATE `Department` SET `ClusterID` = 1 WHERE DepartmentID = 1;
-- UPDATE `Department` SET `ClusterID` = 2 WHERE DepartmentID = 2 OR DepartmentID = 3;
-- UPDATE `Department` SET `ClusterID`=3 ,`Name`= 'ME' WHERE DepartmentID = 4;

-- IF your database has not been updated with the above values, please uncomment the above lines and run this update

INSERT INTO `Department`(`DepartmentID`, `Name`, `Intake`, `ClusterID`) VALUES (5, 'CSE', 180, 1);
INSERT INTO `Department`(`DepartmentID`, `Name`, `Intake`, `ClusterID`) VALUES (6, 'EEE', 120, 4);
INSERT INTO `Subject`(`CourseCode`, `InstitutionalElective`, `DepartmentElective`, `ClusterElective`, `Name`) VALUES ('15MA3CCDMS', 0, 0, 0, 'Discrete Mathematical Structures');
INSERT INTO `Subject`(`CourseCode`, `InstitutionalElective`, `DepartmentElective`, `ClusterElective`, `Name`) VALUES ('15IS3DCCOE', 0, 0, 0, 'Computer Organization and Embeded Systems');
INSERT INTO `Subject`(`CourseCode`, `InstitutionalElective`, `DepartmentElective`, `ClusterElective`, `Name`) VALUES ('15IS3DCDSC', 0, 0, 0, 'Data Structures with C');
INSERT INTO `Subject`(`CourseCode`, `InstitutionalElective`, `DepartmentElective`, `ClusterElective`, `Name`) VALUES ('15IS3DCTFC', 0, 0, 0, 'Theoritical Foundation of Computations');
INSERT INTO `Subject`(`CourseCode`, `InstitutionalElective`, `DepartmentElective`, `ClusterElective`, `Name`) VALUES ('15CI3GCPCP', 0, 0, 0, 'Programming with C++');
INSERT INTO `DepartmentSubject` (`DepartmentID`, `CourseCode`) VALUES ('1', '15CI3GCPCP'), ('1', '15IS3DCCOE'), ('1', '15IS3DCDSC'), ('1', '15IS3DCTFC'), ('1', '15MA3CCDMS');

DELETE FROM `StudentSubject` WHERE 1;
DELETE FROM `Student` WHERE 1;

INSERT INTO `Subject`(`CourseCode`, `InstitutionalElective`, `DepartmentElective`, `ClusterElective`, `Name`) VALUES ('15MA3GCAEM', 0, 0, 0, 'ADVANCED ENGINEERING MATHEMATICS'), ('15ES3GCLCA', 0, 0, 0, 'LINEAR CIRCUIT ANALYSIS'), ('15ES3GCAME', 0, 0, 0, 'ANALOG MICROELECTRONICS'), ('15ES3GCDEC', 0, 0, 0, 'DIGITAL ELECTRONICS'), ('15ES3GCFAW', 0, 0, 0, 'FIELDS AND WAVES'), ('15EC3DLSL1', 0, 0, 0, 'SIMULATION LABORATORY 1');
INSERT INTO `Subject`(`CourseCode`, `InstitutionalElective`, `DepartmentElective`, `ClusterElective`, `Name`) VALUES ('15EE3DCFTH', 0, 0, 0, 'FIELD THEORY'), ('15EE3DCSL1', 0, 0, 0, 'SIMULATION LABORATORY 1');
INSERT INTO `Subject`(`CourseCode`, `InstitutionalElective`, `DepartmentElective`, `ClusterElective`, `Name`) VALUES ('15CS3DCDST', 0, 0, 0, 'DATA STRUCTURES'), ('15CS3DCWEP', 0, 0, 0, 'WEB PROGRAMMING'), ('15CS3DCCOA', 0, 0, 0, 'COMPUTER ORGANIZATION AND ARCHITECTURE');
INSERT INTO `Subject`(`CourseCode`, `InstitutionalElective`, `DepartmentElective`, `ClusterElective`, `Name`) VALUES ('15MA3GCMAT', 0, 0, 0, 'MATHEMATICS 3'), ('15ME3DCMSM', 0, 0, 0, 'MATERIAL SCIENCE AND METALLURGY'), ('15ME3DCSOM', 0, 0, 0, 'STRENGTH OF MATERIALS'), ('15ME3DCFWT', 0, 0, 0, 'FOUNDRY AND WELDING TECHNOLOGY'), ('15ME3DCBTD', 0, 0, 0, 'BASIC THERMODYNAMICS'), ('15ME3DCFME', 0, 0, 0, 'FLUID MECHANICS');
INSERT INTO `DepartmentSubject` (`DepartmentID`, `CourseCode`) VALUES ('5', '15MA3CCDMS'), ('5', '15CS3DCDST'), ('5', '15CI3GCPCP'), ('5', '15CS3DCWEP'), ('5', '15CS3DCCOA');
INSERT INTO `DepartmentSubject` (`DepartmentID`, `CourseCode`) VALUES ('4', '15MA3GCMAT'), ('4', '15ME3DCMSM'), ('4', '15ME3DCSOM'), ('4', '15ME3DCFWT'), ('4', '15ME3DCBTD'), ('4', '15ME3DCFME'), ('2', '15MA3GCAEM'), ('2', '15ES3GCLCA'), ('2', '15ES3GCDEC'), ('2', '15ES3GCFAW');
INSERT INTO `DepartmentSubject` (`DepartmentID`, `CourseCode`) VALUES ('2', '15EC3DLSL1'), ('6', '15EE3DCSL1'), ('6', '15MA3GCAEM'), ('6', '15ES3GCLCA'), ('6', '15ES3GCDEC'), ('6', '15EE3DCFTH');
INSERT INTO `DepartmentSubject` (`DepartmentID`, `CourseCode`) VALUES ('6', '15ES3GCAME'), ('2', '15ES3GCAME');

-- phpMyAdmin SQL Dump
-- version 4.4.10
-- http://www.phpmyadmin.net
--
-- Host: localhost:8889
-- Generation Time: Mar 16, 2017 at 10:22 AM
-- Server version: 5.5.42
-- PHP Version: 7.0.0

SET SQL_MODE = "NO_AUTO_VALUE_ON_ZERO";
SET time_zone = "+00:00";

--
-- Database: `ralloc`
--

-- --------------------------------------------------------

--
-- Table structure for table `Student`
--

--
-- Dumping data for table `Student`
--

INSERT INTO `Student` (`USN`, `DepartmentID`) VALUES
('1BM10IS063', 1),
('1BM11IS055', 1),
('1BM12IS059', 1),
('1BM12IS097', 1),
('1BM12IS099', 1),
('1BM13IS041', 1),
('1BM13IS056', 1),
('1BM13IS077', 1),
('1BM13IS093', 1),
('1BM13IS101', 1),
('1BM14IS001', 1),
('1BM14IS002', 1),
('1BM14IS003', 1),
('1BM14IS004', 1),
('1BM14IS005', 1),
('1BM14IS006', 1),
('1BM14IS008', 1),
('1BM14IS009', 1),
('1BM14IS010', 1),
('1BM14IS011', 1),
('1BM14IS012', 1),
('1BM14IS013', 1),
('1BM14IS014', 1),
('1BM14IS015', 1),
('1BM14IS016', 1),
('1BM14IS018', 1),
('1BM14IS019', 1),
('1BM14IS020', 1),
('1BM14IS021', 1),
('1BM14IS022', 1),
('1BM14IS023', 1),
('1BM14IS024', 1),
('1BM14IS025', 1),
('1BM14IS026', 1),
('1BM14IS028', 1),
('1BM14IS029', 1),
('1BM14IS030', 1),
('1BM14IS031', 1),
('1BM14IS032', 1),
('1BM14IS034', 1),
('1BM14IS035', 1),
('1BM14IS037', 1),
('1BM14IS038', 1),
('1BM14IS039', 1),
('1BM14IS040', 1),
('1BM14IS041', 1),
('1BM14IS042', 1),
('1BM14IS043', 1),
('1BM14IS044', 1),
('1BM14IS045', 1),
('1BM14IS046', 1),
('1BM14IS047', 1),
('1BM14IS048', 1),
('1BM14IS049', 1),
('1BM14IS050', 1),
('1BM14IS051', 1),
('1BM14IS052', 1),
('1BM14IS054', 1),
('1BM14IS055', 1),
('1BM14IS056', 1),
('1BM14IS057', 1),
('1BM14IS058', 1),
('1BM14IS059', 1),
('1BM14IS060', 1),
('1BM14IS061', 1),
('1BM14IS062', 1),
('1BM14IS063', 1),
('1BM14IS064', 1),
('1BM14IS065', 1),
('1BM14IS067', 1),
('1BM14IS068', 1),
('1BM14IS069', 1),
('1BM14IS070', 1),
('1BM14IS071', 1),
('1BM14IS072', 1),
('1BM14IS073', 1),
('1BM14IS074', 1),
('1BM14IS076', 1),
('1BM14IS078', 1),
('1BM14IS079', 1),
('1BM14IS080', 1),
('1BM14IS081', 1),
('1BM14IS082', 1),
('1BM14IS083', 1),
('1BM14IS084', 1),
('1BM14IS085', 1),
('1BM14IS086', 1),
('1BM14IS087', 1),
('1BM14IS088', 1),
('1BM14IS089', 1),
('1BM14IS090', 1),
('1BM14IS091', 1),
('1BM14IS092', 1),
('1BM14IS093', 1),
('1BM14IS094', 1),
('1BM14IS095', 1),
('1BM14IS096', 1),
('1BM14IS097', 1),
('1BM14IS098', 1),
('1BM14IS099', 1),
('1BM14IS100', 1),
('1BM14IS101', 1),
('1BM14IS102', 1),
('1BM14IS103', 1),
('1BM14IS104', 1),
('1BM14IS106', 1),
('1BM14IS415', 1),
('1BM15IS400', 1),
('1BM15IS401', 1),
('1BM15IS402', 1),
('1BM15IS403', 1),
('1BM15IS405', 1),
('1BM15IS406', 1),
('1BM15IS407', 1),
('1BM15IS408', 1),
('1BM15IS409', 1),
('1BM15IS410', 1),
('1BM15IS411', 1),
('1BM15IS413', 1),
('1BM15IS414', 1),
('1BM15IS415', 1),
('1BM15IS416', 1),
('1BM15IS417', 1),
('15BM03EC001', 2),
('15BM03EC002', 2),
('15BM03EC003', 2),
('15BM03EC004', 2),
('15BM03EC005', 2),
('15BM03EC006', 2),
('15BM03EC007', 2),
('15BM03EC008', 2),
('15BM03EC009', 2),
('15BM03EC010', 2),
('15BM03EC011', 2),
('15BM03EC012', 2),
('15BM03EC013', 2),
('15BM03EC014', 2),
('15BM03EC015', 2),
('15BM03EC016', 2),
('15BM03EC017', 2),
('15BM03EC018', 2),
('15BM03EC019', 2),
('15BM03EC020', 2),
('15BM03EC021', 2),
('15BM03EC022', 2),
('15BM03EC023', 2),
('15BM03EC024', 2),
('15BM03EC025', 2),
('1BM12EC004', 2),
('1BM13EC009', 2),
('1BM13EC010', 2),
('1BM13EC082', 2),
('1BM13EC116', 2),
('1BM14EC001', 2),
('1BM14EC002', 2),
('1BM14EC003', 2),
('1BM14EC005', 2),
('1BM14EC006', 2),
('1BM14EC007', 2),
('1BM14EC008', 2),
('1BM14EC009', 2),
('1BM14EC010', 2),
('1BM14EC011', 2),
('1BM14EC012', 2),
('1BM14EC013', 2),
('1BM14EC014', 2),
('1BM14EC0141', 2),
('1BM14EC015', 2),
('1BM14EC016', 2),
('1BM14EC017', 2),
('1BM14EC018', 2),
('1BM14EC019', 2),
('1BM14EC020', 2),
('1BM14EC021', 2),
('1BM14EC022', 2),
('1BM14EC024', 2),
('1BM14EC025', 2),
('1BM14EC026', 2),
('1BM14EC027', 2),
('1BM14EC028', 2),
('1BM14EC029', 2),
('1BM14EC030', 2),
('1BM14EC031', 2),
('1BM14EC032', 2),
('1BM14EC033', 2),
('1BM14EC034', 2),
('1BM14EC035', 2),
('1BM14EC036', 2),
('1BM14EC037', 2),
('1BM14EC038', 2),
('1BM14EC039', 2),
('1BM14EC040', 2),
('1BM14EC041', 2),
('1BM14EC042', 2),
('1BM14EC043', 2),
('1BM14EC044', 2),
('1BM14EC045', 2),
('1BM14EC046', 2),
('1BM14EC047', 2),
('1BM14EC048', 2),
('1BM14EC049', 2),
('1BM14EC050', 2),
('1BM14EC051', 2),
('1BM14EC052', 2),
('1BM14EC053', 2),
('1BM14EC054', 2),
('1BM14EC055', 2),
('1BM14EC056', 2),
('1BM14EC057', 2),
('1BM14EC058', 2),
('1BM14EC060', 2),
('1BM14EC061', 2),
('1BM14EC062', 2),
('1BM14EC063', 2),
('1BM14EC064', 2),
('1BM14EC065', 2),
('1BM14EC066', 2),
('1BM14EC067', 2),
('1BM14EC068', 2),
('1BM14EC069', 2),
('1BM14EC070', 2),
('1BM14EC071', 2),
('1BM14EC072', 2),
('1BM14EC073', 2),
('1BM14EC074', 2),
('1BM14EC075', 2),
('1BM14EC076', 2),
('1BM14EC077', 2),
('1BM14EC078', 2),
('1BM14EC080', 2),
('1BM14EC081', 2),
('1BM14EC082', 2),
('1BM14EC083', 2),
('1BM14EC084', 2),
('1BM14EC085', 2),
('1BM14EC086', 2),
('1BM14EC087', 2),
('1BM14EC088', 2),
('1BM14EC089', 2),
('1BM14EC090', 2),
('1BM14EC091', 2),
('1BM14EC092', 2),
('1BM14EC093', 2),
('1BM14EC094', 2),
('1BM14EC095', 2),
('1BM14EC096', 2),
('1BM14EC097', 2),
('1BM14EC098', 2),
('1BM14EC099', 2),
('1BM14EC100', 2),
('1BM14EC101', 2),
('1BM14EC102', 2),
('1BM14EC103', 2),
('1BM14EC104', 2),
('1BM14EC105', 2),
('1BM14EC106', 2),
('1BM14EC107', 2),
('1BM14EC108', 2),
('1BM14EC109', 2),
('1BM14EC110', 2),
('1BM14EC111', 2),
('1BM14EC112', 2),
('1BM14EC113', 2),
('1BM14EC114', 2),
('1BM14EC115', 2),
('1BM14EC116', 2),
('1BM14EC117', 2),
('1BM14EC118', 2),
('1BM14EC119', 2),
('1BM14EC120', 2),
('1BM14EC121', 2),
('1BM14EC122', 2),
('1BM14EC123', 2),
('1BM14EC124', 2),
('1BM14EC125', 2),
('1BM14EC126', 2),
('1BM14EC127', 2),
('1BM14EC128', 2),
('1BM14EC129', 2),
('1BM14EC130', 2),
('1BM14EC131', 2),
('1BM14EC132', 2),
('1BM14EC133', 2),
('1BM14EC134', 2),
('1BM14EC135', 2),
('1BM14EC136', 2),
('1BM14EC137', 2),
('1BM14EC138', 2),
('1BM14EC139', 2),
('1BM14EC140', 2),
('1BM14EC142', 2),
('1BM14EC143', 2),
('1BM14EC145', 2),
('1BM10ME114', 4),
('1BM10ME144', 4),
('1BM11ME038', 4),
('1BM11ME067', 4),
('1BM11ME119', 4),
('1BM12ME009', 4),
('1BM12ME020', 4),
('1BM12ME059', 4),
('1BM12ME094', 4),
('1BM12ME115', 4),
('1BM13ME019', 4),
('1BM13ME020', 4),
('1BM13ME040', 4),
('1BM13ME052', 4),
('1BM13ME089', 4),
('1BM13ME105', 4),
('1BM13ME138', 4),
('1BM13ME147', 4),
('1BM14ME002', 4),
('1BM14ME003', 4),
('1BM14ME004', 4),
('1BM14ME005', 4),
('1BM14ME006', 4),
('1BM14ME007', 4),
('1BM14ME008', 4),
('1BM14ME009', 4),
('1BM14ME011', 4),
('1BM14ME012', 4),
('1BM14ME013', 4),
('1BM14ME014', 4),
('1BM14ME015', 4),
('1BM14ME016', 4),
('1BM14ME017', 4),
('1BM14ME018', 4),
('1BM14ME019', 4),
('1BM14ME020', 4),
('1BM14ME021', 4),
('1BM14ME022', 4),
('1BM14ME023', 4),
('1BM14ME024', 4),
('1BM14ME025', 4),
('1BM14ME026', 4),
('1BM14ME027', 4),
('1BM14ME028', 4),
('1BM14ME029', 4),
('1BM14ME030', 4),
('1BM14ME031', 4),
('1BM14ME032', 4),
('1BM14ME033', 4),
('1BM14ME034', 4),
('1BM14ME035', 4),
('1BM14ME036', 4),
('1BM14ME037', 4),
('1BM14ME041', 4),
('1BM14ME042', 4),
('1BM14ME044', 4),
('1BM14ME045', 4),
('1BM14ME046', 4),
('1BM14ME047', 4),
('1BM14ME048', 4),
('1BM14ME049', 4),
('1BM14ME050', 4),
('1BM14ME051', 4),
('1BM14ME053', 4),
('1BM14ME054', 4),
('1BM14ME056', 4),
('1BM14ME057', 4),
('1BM14ME058', 4),
('1BM14ME059', 4),
('1BM14ME060', 4),
('1BM14ME062', 4),
('1BM14ME063', 4),
('1BM14ME064', 4),
('1BM14ME065', 4),
('1BM14ME066', 4),
('1BM14ME069', 4),
('1BM14ME071', 4),
('1BM14ME072', 4),
('1BM14ME073', 4),
('1BM14ME075', 4),
('1BM14ME076', 4),
('1BM14ME077', 4),
('1BM14ME078', 4),
('1BM14ME080', 4),
('1BM14ME081', 4),
('1BM14ME082', 4),
('1BM14ME083', 4),
('1BM14ME084', 4),
('1BM14ME086', 4),
('1BM14ME087', 4),
('1BM14ME088', 4),
('1BM14ME089', 4),
('1BM14ME090', 4),
('1BM14ME092', 4),
('1BM14ME093', 4),
('1BM14ME094', 4),
('1BM14ME096', 4),
('1BM14ME097', 4),
('1BM14ME098', 4),
('1BM14ME101', 4),
('1BM14ME102', 4),
('1BM14ME103', 4),
('1BM14ME104', 4),
('1BM14ME105', 4),
('1BM14ME106', 4),
('1BM14ME107', 4),
('1BM14ME108', 4),
('1BM14ME110', 4),
('1BM14ME111', 4),
('1BM14ME112', 4),
('1BM14ME114', 4),
('1BM14ME115', 4),
('1BM14ME116', 4),
('1BM14ME117', 4),
('1BM14ME119', 4),
('1BM14ME120', 4),
('1BM14ME122', 4),
('1BM14ME123', 4),
('1BM14ME124', 4),
('1BM14ME125', 4),
('1BM14ME126', 4),
('1BM14ME127', 4),
('1BM14ME128', 4),
('1BM14ME129', 4),
('1BM14ME130', 4),
('1BM14ME131', 4),
('1BM14ME132', 4),
('1BM14ME133', 4),
('1BM14ME134', 4),
('1BM14ME135', 4),
('1BM14ME136', 4),
('1BM14ME137', 4),
('1BM14ME138', 4),
('1BM14ME139', 4),
('1BM14ME140', 4),
('1BM14ME142', 4),
('1BM14ME143', 4),
('1BM14ME144', 4),
('1BM14ME145', 4),
('1BM14ME146', 4),
('1BM14ME147', 4),
('1BM14ME148', 4),
('1BM14ME149', 4),
('1BM14ME150', 4),
('1BM14ME152', 4),
('1BM14ME153', 4),
('1BM14ME154', 4),
('1BM14ME155', 4),
('1BM14ME157', 4),
('1BM14ME158', 4),
('1BM14ME159', 4),
('1BM14ME160', 4),
('1BM14ME161', 4),
('1BM14ME162', 4),
('1BM14ME163', 4),
('1BM14ME164', 4),
('1BM14ME165', 4),
('1BM14ME166', 4),
('1BM14ME167', 4),
('1BM14ME168', 4),
('1BM14ME169', 4),
('1BM14ME171', 4),
('1BM14ME172', 4),
('1BM14ME173', 4),
('1BM14ME174', 4),
('1BM14ME176', 4),
('1BM14ME177', 4),
('1BM14ME179', 4),
('1BM14ME180', 4),
('1BM14ME181', 4),
('1BM14ME183', 4),
('1BM14ME184', 4),
('1BM14ME185', 4),
('1BM14ME186', 4),
('1BM14ME187', 4),
('1BM14ME188', 4),
('1BM14ME189', 4),
('1BM14ME190', 4),
('1BM14ME191', 4),
('1BM14ME192', 4),
('1BM14ME193', 4),
('1BM14ME195', 4),
('1BM14ME196', 4),
('1BM14ME198', 4),
('1BM14ME200', 4),
('1BM14ME202', 4),
('1BM14ME203', 4),
('1BM14ME205', 4),
('1BM14ME206', 4),
('1BM14ME419', 4),
('1BM14ME423', 4),
('1BM15ME400', 4),
('1BM15ME401', 4),
('1BM15ME402', 4),
('1BM15ME403', 4),
('1BM15ME404', 4),
('1BM15ME405', 4),
('1BM15ME406', 4),
('1BM15ME407', 4),
('1BM15ME408', 4),
('1BM15ME409', 4),
('1BM15ME410', 4),
('1BM15ME411', 4),
('1BM15ME412', 4),
('1BM15ME413', 4),
('1BM15ME414', 4),
('1BM15ME415', 4),
('1BM15ME416', 4),
('1BM15ME417', 4),
('1BM15ME418', 4),
('1BM15ME419', 4),
('1BM15ME420', 4),
('1BM15ME421', 4),
('1BM15ME422', 4),
('1BM15ME423', 4),
('1BM15ME424', 4),
('1BM15ME425', 4),
('1BM15ME426', 4),
('1BM15ME427', 4),
('1BM15ME428', 4),
('1BM15ME429', 4),
('1BM15ME430', 4),
('1BM15ME431', 4),
('1BM15ME432', 4),
('1BM15ME433', 4),
('1BM15ME434', 4),
('1BM15ME435', 4),
('1BM12CS100', 5),
('1BM12CS405', 5),
('1BM13CS005', 5),
('1BM13CS011', 5),
('1BM13CS025', 5),
('1BM13CS044', 5),
('1BM13CS050', 5),
('1BM13CS060', 5),
('1BM13CS065', 5),
('1BM13CS096', 5),
('1BM13CS099', 5),
('1BM13CS115', 5),
('1BM13CS116', 5),
('1BM13CS125', 5),
('1BM13CS130', 5),
('1BM13CS135', 5),
('1BM13CS143', 5),
('1BM13CS419', 5),
('1BM14CS001', 5),
('1BM14CS002', 5),
('1BM14CS003', 5),
('1BM14CS004', 5),
('1BM14CS005', 5),
('1BM14CS006', 5),
('1BM14CS007', 5),
('1BM14CS009', 5),
('1BM14CS010', 5),
('1BM14CS012', 5),
('1BM14CS013', 5),
('1BM14CS014', 5),
('1BM14CS015', 5),
('1BM14CS016', 5),
('1BM14CS017', 5),
('1BM14CS018', 5),
('1BM14CS019', 5),
('1BM14CS020', 5),
('1BM14CS021', 5),
('1BM14CS022', 5),
('1BM14CS023', 5),
('1BM14CS024', 5),
('1BM14CS025', 5),
('1BM14CS026', 5),
('1BM14CS028', 5),
('1BM14CS029', 5),
('1BM14CS030', 5),
('1BM14CS031', 5),
('1BM14CS032', 5),
('1BM14CS033', 5),
('1BM14CS034', 5),
('1BM14CS035', 5),
('1BM14CS036', 5),
('1BM14CS037', 5),
('1BM14CS038', 5),
('1BM14CS039', 5),
('1BM14CS041', 5),
('1BM14CS042', 5),
('1BM14CS043', 5),
('1BM14CS044', 5),
('1BM14CS045', 5),
('1BM14CS046', 5),
('1BM14CS047', 5),
('1BM14CS048', 5),
('1BM14CS050', 5),
('1BM14CS051', 5),
('1BM14CS053', 5),
('1BM14CS054', 5),
('1BM14CS057', 5),
('1BM14CS058', 5),
('1BM14CS059', 5),
('1BM14CS060', 5),
('1BM14CS061', 5),
('1BM14CS062', 5),
('1BM14CS063', 5),
('1BM14CS064', 5),
('1BM14CS065', 5),
('1BM14CS066', 5),
('1BM14CS067', 5),
('1BM14CS068', 5),
('1BM14CS069', 5),
('1BM14CS070', 5),
('1BM14CS071', 5),
('1BM14CS073', 5),
('1BM14CS075', 5),
('1BM14CS076', 5),
('1BM14CS077', 5),
('1BM14CS078', 5),
('1BM14CS079', 5),
('1BM14CS080', 5),
('1BM14CS081', 5),
('1BM14CS082', 5),
('1BM14CS083', 5),
('1BM14CS084', 5),
('1BM14CS085', 5),
('1BM14CS086', 5),
('1BM14CS087', 5),
('1BM14CS089', 5),
('1BM14CS090', 5),
('1BM14CS091', 5),
('1BM14CS092', 5),
('1BM14CS093', 5),
('1BM14CS094', 5),
('1BM14CS095', 5),
('1BM14CS096', 5),
('1BM14CS097', 5),
('1BM14CS099', 5),
('1BM14CS100', 5),
('1BM14CS101', 5),
('1BM14CS102', 5),
('1BM14CS103', 5),
('1BM14CS104', 5),
('1BM14CS105', 5),
('1BM14CS106', 5),
('1BM14CS108', 5),
('1BM14CS110', 5),
('1BM14CS111', 5),
('1BM14CS112', 5),
('1BM14CS113', 5),
('1BM14CS114', 5),
('1BM14CS115', 5),
('1BM14CS116', 5),
('1BM14CS118', 5),
('1BM14CS121', 5),
('1BM14CS122', 5),
('1BM14CS123', 5),
('1BM14CS126', 5),
('1BM14CS127', 5),
('1BM14CS128', 5),
('1BM14CS130', 5),
('1BM14CS131', 5),
('1BM14CS132', 5),
('1BM14CS133', 5),
('1BM14CS135', 5),
('1BM14CS136', 5),
('1BM14CS138', 5),
('1BM14CS139', 5),
('1BM14CS140', 5),
('1BM14CS143', 5),
('1BM15CS400', 5),
('1BM15CS401', 5),
('1BM15CS402', 5),
('1BM15CS403', 5),
('1BM15CS404', 5),
('1BM15CS405', 5),
('1BM15CS406', 5),
('1BM15CS407', 5),
('1BM15CS408', 5),
('1BM15CS409', 5),
('1BM15CS410', 5),
('1BM15CS411', 5),
('1BM15CS412', 5),
('1BM15CS413', 5),
('1BM15CS414', 5),
('1BM15CS415', 5),
('1BM15CS416', 5),
('1BM15CS417', 5),
('1BM15CS418', 5),
('1BM15CS419', 5),
('1BM15CS420', 5),
('1BM15CS421', 5),
('1BM15CS422', 5),
('1BM15CS423', 5),
('1BM12EE006', 6),
('1BM13EE006', 6),
('1BM13EE011', 6),
('1BM13EE044', 6),
('1BM14EE002', 6),
('1BM14EE003', 6),
('1BM14EE004', 6),
('1BM14EE005', 6),
('1BM14EE006', 6),
('1BM14EE007', 6),
('1BM14EE008', 6),
('1BM14EE009', 6),
('1BM14EE010', 6),
('1BM14EE012', 6),
('1BM14EE013', 6),
('1BM14EE014', 6),
('1BM14EE015', 6),
('1BM14EE016', 6),
('1BM14EE017', 6),
('1BM14EE018', 6),
('1BM14EE019', 6),
('1BM14EE020', 6),
('1BM14EE021', 6),
('1BM14EE022', 6),
('1BM14EE023', 6),
('1BM14EE024', 6),
('1BM14EE025', 6),
('1BM14EE026', 6),
('1BM14EE027', 6),
('1BM14EE028', 6),
('1BM14EE029', 6),
('1BM14EE030', 6),
('1BM14EE031', 6),
('1BM14EE032', 6),
('1BM14EE033', 6),
('1BM14EE034', 6),
('1BM14EE035', 6),
('1BM14EE036', 6),
('1BM14EE038', 6),
('1BM14EE039', 6),
('1BM14EE040', 6),
('1BM14EE041', 6),
('1BM14EE042', 6),
('1BM14EE044', 6),
('1BM14EE045', 6),
('1BM14EE046', 6),
('1BM14EE047', 6),
('1BM14EE048', 6),
('1BM14EE050', 6),
('1BM14EE051', 6),
('1BM14EE052', 6),
('1BM14EE053', 6),
('1BM14EE054', 6),
('1BM14EE055', 6),
('1BM14EE056', 6),
('1BM14EE057', 6),
('1BM14EE058', 6),
('1BM14EE059', 6),
('1BM14EE060', 6),
('1BM14EE061', 6),
('1BM14EE062', 6),
('1BM14EE063', 6),
('1BM14EE064', 6),
('1BM14EE065', 6),
('1BM14EE066', 6),
('1BM14EE067', 6),
('1BM14EE068', 6),
('1BM14EE069', 6),
('1BM14EE070', 6),
('1BM14EE071', 6),
('1BM14EE408', 6);

-- --------------------------------------------------------

--
-- Table structure for table `StudentSubject`
--

--
-- Dumping data for table `StudentSubject`
--

INSERT INTO `StudentSubject` (`USN`, `CourseCode`) VALUES
('1BM14IS001', '15MA3CCDMS'),
('1BM14IS001', '15IS3DCCOE'),
('1BM14IS001', '15IS3DCDSC'),
('1BM14IS001', '15IS3DCTFC'),
('1BM14IS001', '15CI3GCPCP'),
('1BM14IS002', '15MA3CCDMS'),
('1BM14IS002', '15IS3DCCOE'),
('1BM14IS002', '15IS3DCDSC'),
('1BM14IS002', '15IS3DCTFC'),
('1BM14IS002', '15CI3GCPCP'),
('1BM14IS003', '15MA3CCDMS'),
('1BM14IS003', '15IS3DCCOE'),
('1BM14IS003', '15IS3DCDSC'),
('1BM14IS003', '15IS3DCTFC'),
('1BM14IS003', '15CI3GCPCP'),
('1BM14IS004', '15MA3CCDMS'),
('1BM14IS004', '15IS3DCCOE'),
('1BM14IS004', '15IS3DCDSC'),
('1BM14IS004', '15IS3DCTFC'),
('1BM14IS004', '15CI3GCPCP'),
('1BM14IS005', '15MA3CCDMS'),
('1BM14IS005', '15IS3DCCOE'),
('1BM14IS005', '15IS3DCDSC'),
('1BM14IS005', '15IS3DCTFC'),
('1BM14IS005', '15CI3GCPCP'),
('1BM14IS006', '15MA3CCDMS'),
('1BM14IS006', '15IS3DCCOE'),
('1BM14IS006', '15IS3DCDSC'),
('1BM14IS006', '15IS3DCTFC'),
('1BM14IS006', '15CI3GCPCP'),
('1BM14IS008', '15MA3CCDMS'),
('1BM14IS008', '15IS3DCCOE'),
('1BM14IS008', '15IS3DCDSC'),
('1BM14IS008', '15IS3DCTFC'),
('1BM14IS008', '15CI3GCPCP'),
('1BM14IS009', '15MA3CCDMS'),
('1BM14IS009', '15IS3DCCOE'),
('1BM14IS009', '15IS3DCDSC'),
('1BM14IS009', '15IS3DCTFC'),
('1BM14IS009', '15CI3GCPCP'),
('1BM14IS010', '15MA3CCDMS'),
('1BM14IS010', '15IS3DCCOE'),
('1BM14IS010', '15IS3DCDSC'),
('1BM14IS010', '15IS3DCTFC'),
('1BM14IS010', '15CI3GCPCP'),
('1BM14IS011', '15MA3CCDMS'),
('1BM14IS011', '15IS3DCCOE'),
('1BM14IS011', '15IS3DCDSC'),
('1BM14IS011', '15IS3DCTFC'),
('1BM14IS011', '15CI3GCPCP'),
('1BM14IS012', '15MA3CCDMS'),
('1BM14IS012', '15IS3DCCOE'),
('1BM14IS012', '15IS3DCDSC'),
('1BM14IS012', '15IS3DCTFC'),
('1BM14IS012', '15CI3GCPCP'),
('1BM14IS013', '15MA3CCDMS'),
('1BM14IS013', '15IS3DCCOE'),
('1BM14IS013', '15IS3DCDSC'),
('1BM14IS013', '15IS3DCTFC'),
('1BM14IS013', '15CI3GCPCP'),
('1BM14IS014', '15MA3CCDMS'),
('1BM14IS014', '15IS3DCCOE'),
('1BM14IS014', '15IS3DCDSC'),
('1BM14IS014', '15IS3DCTFC'),
('1BM14IS014', '15CI3GCPCP'),
('1BM14IS015', '15MA3CCDMS'),
('1BM14IS015', '15IS3DCCOE'),
('1BM14IS015', '15IS3DCDSC'),
('1BM14IS015', '15IS3DCTFC'),
('1BM14IS015', '15CI3GCPCP'),
('1BM14IS016', '15MA3CCDMS'),
('1BM14IS016', '15IS3DCCOE'),
('1BM14IS016', '15IS3DCDSC'),
('1BM14IS016', '15IS3DCTFC'),
('1BM14IS016', '15CI3GCPCP'),
('1BM14IS018', '15MA3CCDMS'),
('1BM14IS018', '15IS3DCCOE'),
('1BM14IS018', '15IS3DCDSC'),
('1BM14IS018', '15IS3DCTFC'),
('1BM14IS018', '15CI3GCPCP'),
('1BM14IS019', '15MA3CCDMS'),
('1BM14IS019', '15IS3DCCOE'),
('1BM14IS019', '15IS3DCDSC'),
('1BM14IS019', '15IS3DCTFC'),
('1BM14IS019', '15CI3GCPCP'),
('1BM14IS020', '15MA3CCDMS'),
('1BM14IS020', '15IS3DCCOE'),
('1BM14IS020', '15IS3DCDSC'),
('1BM14IS020', '15IS3DCTFC'),
('1BM14IS020', '15CI3GCPCP'),
('1BM14IS021', '15MA3CCDMS'),
('1BM14IS021', '15IS3DCCOE'),
('1BM14IS021', '15IS3DCDSC'),
('1BM14IS021', '15IS3DCTFC'),
('1BM14IS021', '15CI3GCPCP'),
('1BM14IS022', '15MA3CCDMS'),
('1BM14IS022', '15IS3DCCOE'),
('1BM14IS022', '15IS3DCDSC'),
('1BM14IS022', '15IS3DCTFC'),
('1BM14IS022', '15CI3GCPCP'),
('1BM14IS023', '15MA3CCDMS'),
('1BM14IS023', '15IS3DCCOE'),
('1BM14IS023', '15IS3DCDSC'),
('1BM14IS023', '15IS3DCTFC'),
('1BM14IS023', '15CI3GCPCP'),
('1BM14IS024', '15MA3CCDMS'),
('1BM14IS024', '15IS3DCCOE'),
('1BM14IS024', '15IS3DCDSC'),
('1BM14IS024', '15IS3DCTFC'),
('1BM14IS024', '15CI3GCPCP'),
('1BM14IS025', '15MA3CCDMS'),
('1BM14IS025', '15IS3DCCOE'),
('1BM14IS025', '15IS3DCDSC'),
('1BM14IS025', '15IS3DCTFC'),
('1BM14IS025', '15CI3GCPCP'),
('1BM14IS026', '15MA3CCDMS'),
('1BM14IS026', '15IS3DCCOE'),
('1BM14IS026', '15IS3DCDSC'),
('1BM14IS026', '15IS3DCTFC'),
('1BM14IS026', '15CI3GCPCP'),
('1BM14IS028', '15MA3CCDMS'),
('1BM14IS028', '15IS3DCCOE'),
('1BM14IS028', '15IS3DCDSC'),
('1BM14IS028', '15IS3DCTFC'),
('1BM14IS028', '15CI3GCPCP'),
('1BM14IS029', '15MA3CCDMS'),
('1BM14IS029', '15IS3DCCOE'),
('1BM14IS029', '15IS3DCDSC'),
('1BM14IS029', '15IS3DCTFC'),
('1BM14IS029', '15CI3GCPCP'),
('1BM14IS030', '15MA3CCDMS'),
('1BM14IS030', '15IS3DCCOE'),
('1BM14IS030', '15IS3DCDSC'),
('1BM14IS030', '15IS3DCTFC'),
('1BM14IS030', '15CI3GCPCP'),
('1BM14IS031', '15MA3CCDMS'),
('1BM14IS031', '15IS3DCCOE'),
('1BM14IS031', '15IS3DCDSC'),
('1BM14IS031', '15IS3DCTFC'),
('1BM14IS031', '15CI3GCPCP'),
('1BM14IS032', '15MA3CCDMS'),
('1BM14IS032', '15IS3DCCOE'),
('1BM14IS032', '15IS3DCDSC'),
('1BM14IS032', '15IS3DCTFC'),
('1BM14IS032', '15CI3GCPCP'),
('1BM14IS034', '15MA3CCDMS'),
('1BM14IS034', '15IS3DCCOE'),
('1BM14IS034', '15IS3DCDSC'),
('1BM14IS034', '15IS3DCTFC'),
('1BM14IS034', '15CI3GCPCP'),
('1BM14IS035', '15MA3CCDMS'),
('1BM14IS035', '15IS3DCCOE'),
('1BM14IS035', '15IS3DCDSC'),
('1BM14IS035', '15IS3DCTFC'),
('1BM14IS035', '15CI3GCPCP'),
('1BM14IS037', '15MA3CCDMS'),
('1BM14IS037', '15IS3DCCOE'),
('1BM14IS037', '15IS3DCDSC'),
('1BM14IS037', '15IS3DCTFC'),
('1BM14IS037', '15CI3GCPCP'),
('1BM14IS038', '15MA3CCDMS'),
('1BM14IS038', '15IS3DCCOE'),
('1BM14IS038', '15IS3DCDSC'),
('1BM14IS038', '15IS3DCTFC'),
('1BM14IS038', '15CI3GCPCP'),
('1BM14IS039', '15MA3CCDMS'),
('1BM14IS039', '15IS3DCCOE'),
('1BM14IS039', '15IS3DCDSC'),
('1BM14IS039', '15IS3DCTFC'),
('1BM14IS039', '15CI3GCPCP'),
('1BM14IS040', '15MA3CCDMS'),
('1BM14IS040', '15IS3DCCOE'),
('1BM14IS040', '15IS3DCDSC'),
('1BM14IS040', '15IS3DCTFC'),
('1BM14IS040', '15CI3GCPCP'),
('1BM14IS041', '15MA3CCDMS'),
('1BM14IS041', '15IS3DCCOE'),
('1BM14IS041', '15IS3DCDSC'),
('1BM14IS041', '15IS3DCTFC'),
('1BM14IS041', '15CI3GCPCP'),
('1BM14IS042', '15MA3CCDMS'),
('1BM14IS042', '15IS3DCCOE'),
('1BM14IS042', '15IS3DCDSC'),
('1BM14IS042', '15IS3DCTFC'),
('1BM14IS042', '15CI3GCPCP'),
('1BM14IS043', '15MA3CCDMS'),
('1BM14IS043', '15IS3DCCOE'),
('1BM14IS043', '15IS3DCDSC'),
('1BM14IS043', '15IS3DCTFC'),
('1BM14IS043', '15CI3GCPCP'),
('1BM14IS044', '15MA3CCDMS'),
('1BM14IS044', '15IS3DCCOE'),
('1BM14IS044', '15IS3DCDSC'),
('1BM14IS044', '15IS3DCTFC'),
('1BM14IS044', '15CI3GCPCP'),
('1BM14IS045', '15MA3CCDMS'),
('1BM14IS045', '15IS3DCCOE'),
('1BM14IS045', '15IS3DCDSC'),
('1BM14IS045', '15IS3DCTFC'),
('1BM14IS045', '15CI3GCPCP'),
('1BM14IS046', '15MA3CCDMS'),
('1BM14IS046', '15IS3DCCOE'),
('1BM14IS046', '15IS3DCDSC'),
('1BM14IS046', '15IS3DCTFC'),
('1BM14IS046', '15CI3GCPCP'),
('1BM14IS047', '15MA3CCDMS'),
('1BM14IS047', '15IS3DCCOE'),
('1BM14IS047', '15IS3DCDSC'),
('1BM14IS047', '15IS3DCTFC'),
('1BM14IS047', '15CI3GCPCP'),
('1BM14IS048', '15MA3CCDMS'),
('1BM14IS048', '15IS3DCCOE'),
('1BM14IS048', '15IS3DCDSC'),
('1BM14IS048', '15IS3DCTFC'),
('1BM14IS048', '15CI3GCPCP'),
('1BM14IS049', '15MA3CCDMS'),
('1BM14IS049', '15IS3DCCOE'),
('1BM14IS049', '15IS3DCDSC'),
('1BM14IS049', '15IS3DCTFC'),
('1BM14IS049', '15CI3GCPCP'),
('1BM14IS050', '15MA3CCDMS'),
('1BM14IS050', '15IS3DCDSC'),
('1BM14IS050', '15IS3DCTFC'),
('1BM14IS050', '15CI3GCPCP'),
('1BM14IS051', '15MA3CCDMS'),
('1BM14IS051', '15IS3DCCOE'),
('1BM14IS051', '15IS3DCDSC'),
('1BM14IS051', '15IS3DCTFC'),
('1BM14IS051', '15CI3GCPCP'),
('1BM14IS052', '15MA3CCDMS'),
('1BM14IS052', '15IS3DCCOE'),
('1BM14IS052', '15IS3DCDSC'),
('1BM14IS052', '15IS3DCTFC'),
('1BM14IS052', '15CI3GCPCP'),
('1BM14IS054', '15MA3CCDMS'),
('1BM14IS054', '15IS3DCCOE'),
('1BM14IS054', '15IS3DCDSC'),
('1BM14IS054', '15IS3DCTFC'),
('1BM14IS054', '15CI3GCPCP'),
('1BM14IS055', '15MA3CCDMS'),
('1BM14IS055', '15IS3DCCOE'),
('1BM14IS055', '15IS3DCDSC'),
('1BM14IS055', '15IS3DCTFC'),
('1BM14IS055', '15CI3GCPCP'),
('1BM14IS056', '15MA3CCDMS'),
('1BM14IS056', '15IS3DCCOE'),
('1BM14IS056', '15IS3DCDSC'),
('1BM14IS056', '15IS3DCTFC'),
('1BM14IS056', '15CI3GCPCP'),
('1BM14IS057', '15MA3CCDMS'),
('1BM14IS057', '15IS3DCCOE'),
('1BM14IS057', '15IS3DCDSC'),
('1BM14IS057', '15IS3DCTFC'),
('1BM14IS057', '15CI3GCPCP'),
('1BM14IS058', '15MA3CCDMS'),
('1BM14IS058', '15IS3DCCOE'),
('1BM14IS058', '15IS3DCDSC'),
('1BM14IS058', '15IS3DCTFC'),
('1BM14IS058', '15CI3GCPCP'),
('1BM14IS059', '15MA3CCDMS'),
('1BM14IS059', '15IS3DCCOE'),
('1BM14IS059', '15IS3DCDSC'),
('1BM14IS059', '15IS3DCTFC'),
('1BM14IS059', '15CI3GCPCP'),
('1BM14IS060', '15MA3CCDMS'),
('1BM14IS060', '15IS3DCCOE'),
('1BM14IS060', '15IS3DCDSC'),
('1BM14IS060', '15IS3DCTFC'),
('1BM14IS060', '15CI3GCPCP'),
('1BM14IS061', '15MA3CCDMS'),
('1BM14IS061', '15IS3DCCOE'),
('1BM14IS061', '15IS3DCDSC'),
('1BM14IS061', '15IS3DCTFC'),
('1BM14IS061', '15CI3GCPCP'),
('1BM14IS062', '15MA3CCDMS'),
('1BM14IS062', '15IS3DCCOE'),
('1BM14IS062', '15IS3DCDSC'),
('1BM14IS062', '15IS3DCTFC'),
('1BM14IS062', '15CI3GCPCP'),
('1BM14IS063', '15MA3CCDMS'),
('1BM14IS063', '15IS3DCCOE'),
('1BM14IS063', '15IS3DCDSC'),
('1BM14IS063', '15IS3DCTFC'),
('1BM14IS063', '15CI3GCPCP'),
('1BM14IS064', '15MA3CCDMS'),
('1BM14IS064', '15IS3DCCOE'),
('1BM14IS064', '15IS3DCDSC'),
('1BM14IS064', '15IS3DCTFC'),
('1BM14IS064', '15CI3GCPCP'),
('1BM14IS065', '15MA3CCDMS'),
('1BM14IS065', '15IS3DCCOE'),
('1BM14IS065', '15IS3DCDSC'),
('1BM14IS065', '15IS3DCTFC'),
('1BM14IS065', '15CI3GCPCP'),
('1BM14IS067', '15MA3CCDMS'),
('1BM14IS067', '15IS3DCCOE'),
('1BM14IS067', '15IS3DCDSC'),
('1BM14IS067', '15IS3DCTFC'),
('1BM14IS067', '15CI3GCPCP'),
('1BM14IS068', '15MA3CCDMS'),
('1BM14IS068', '15IS3DCCOE'),
('1BM14IS068', '15IS3DCDSC'),
('1BM14IS068', '15IS3DCTFC'),
('1BM14IS068', '15CI3GCPCP'),
('1BM14IS069', '15MA3CCDMS'),
('1BM14IS069', '15IS3DCCOE'),
('1BM14IS069', '15IS3DCDSC'),
('1BM14IS069', '15IS3DCTFC'),
('1BM14IS069', '15CI3GCPCP'),
('1BM14IS070', '15MA3CCDMS'),
('1BM14IS070', '15IS3DCCOE'),
('1BM14IS070', '15IS3DCDSC'),
('1BM14IS070', '15IS3DCTFC'),
('1BM14IS070', '15CI3GCPCP'),
('1BM14IS071', '15MA3CCDMS'),
('1BM14IS071', '15IS3DCCOE'),
('1BM14IS071', '15IS3DCDSC'),
('1BM14IS071', '15IS3DCTFC'),
('1BM14IS071', '15CI3GCPCP'),
('1BM14IS072', '15MA3CCDMS'),
('1BM14IS072', '15IS3DCCOE'),
('1BM14IS072', '15IS3DCDSC'),
('1BM14IS072', '15IS3DCTFC'),
('1BM14IS072', '15CI3GCPCP'),
('1BM14IS073', '15MA3CCDMS'),
('1BM14IS073', '15IS3DCCOE'),
('1BM14IS073', '15IS3DCDSC'),
('1BM14IS073', '15IS3DCTFC'),
('1BM14IS073', '15CI3GCPCP'),
('1BM14IS074', '15MA3CCDMS'),
('1BM14IS074', '15IS3DCCOE'),
('1BM14IS074', '15IS3DCDSC'),
('1BM14IS074', '15IS3DCTFC'),
('1BM14IS074', '15CI3GCPCP'),
('1BM14IS076', '15MA3CCDMS'),
('1BM14IS076', '15IS3DCCOE'),
('1BM14IS076', '15IS3DCDSC'),
('1BM14IS076', '15IS3DCTFC'),
('1BM14IS076', '15CI3GCPCP'),
('1BM14IS078', '15MA3CCDMS'),
('1BM14IS078', '15IS3DCCOE'),
('1BM14IS078', '15IS3DCDSC'),
('1BM14IS078', '15IS3DCTFC'),
('1BM14IS078', '15CI3GCPCP'),
('1BM14IS079', '15MA3CCDMS'),
('1BM14IS079', '15IS3DCCOE'),
('1BM14IS079', '15IS3DCDSC'),
('1BM14IS079', '15IS3DCTFC'),
('1BM14IS079', '15CI3GCPCP'),
('1BM14IS080', '15MA3CCDMS'),
('1BM14IS080', '15IS3DCCOE'),
('1BM14IS080', '15IS3DCDSC'),
('1BM14IS080', '15IS3DCTFC'),
('1BM14IS080', '15CI3GCPCP'),
('1BM14IS081', '15MA3CCDMS'),
('1BM14IS081', '15IS3DCCOE'),
('1BM14IS081', '15IS3DCDSC'),
('1BM14IS081', '15IS3DCTFC'),
('1BM14IS081', '15CI3GCPCP'),
('1BM14IS082', '15MA3CCDMS'),
('1BM14IS082', '15IS3DCCOE'),
('1BM14IS082', '15IS3DCDSC'),
('1BM14IS082', '15IS3DCTFC'),
('1BM14IS082', '15CI3GCPCP'),
('1BM14IS083', '15MA3CCDMS'),
('1BM14IS083', '15IS3DCCOE'),
('1BM14IS083', '15IS3DCDSC'),
('1BM14IS083', '15IS3DCTFC'),
('1BM14IS083', '15CI3GCPCP'),
('1BM14IS084', '15MA3CCDMS'),
('1BM14IS084', '15IS3DCCOE'),
('1BM14IS084', '15IS3DCDSC'),
('1BM14IS084', '15IS3DCTFC'),
('1BM14IS084', '15CI3GCPCP'),
('1BM14IS085', '15MA3CCDMS'),
('1BM14IS085', '15IS3DCCOE'),
('1BM14IS085', '15IS3DCDSC'),
('1BM14IS085', '15IS3DCTFC'),
('1BM14IS085', '15CI3GCPCP'),
('1BM14IS086', '15MA3CCDMS'),
('1BM14IS086', '15IS3DCCOE'),
('1BM14IS086', '15IS3DCDSC'),
('1BM14IS086', '15IS3DCTFC'),
('1BM14IS086', '15CI3GCPCP'),
('1BM14IS087', '15MA3CCDMS'),
('1BM14IS087', '15IS3DCCOE'),
('1BM14IS087', '15IS3DCDSC'),
('1BM14IS087', '15IS3DCTFC'),
('1BM14IS087', '15CI3GCPCP'),
('1BM14IS088', '15MA3CCDMS'),
('1BM14IS088', '15IS3DCCOE'),
('1BM14IS088', '15IS3DCDSC'),
('1BM14IS088', '15IS3DCTFC'),
('1BM14IS088', '15CI3GCPCP'),
('1BM14IS089', '15MA3CCDMS'),
('1BM14IS089', '15IS3DCCOE'),
('1BM14IS089', '15IS3DCDSC'),
('1BM14IS089', '15IS3DCTFC'),
('1BM14IS089', '15CI3GCPCP'),
('1BM14IS090', '15MA3CCDMS'),
('1BM14IS090', '15IS3DCCOE'),
('1BM14IS090', '15IS3DCDSC'),
('1BM14IS090', '15IS3DCTFC'),
('1BM14IS090', '15CI3GCPCP'),
('1BM14IS091', '15MA3CCDMS'),
('1BM14IS091', '15IS3DCCOE'),
('1BM14IS091', '15IS3DCDSC'),
('1BM14IS091', '15IS3DCTFC'),
('1BM14IS091', '15CI3GCPCP'),
('1BM14IS092', '15MA3CCDMS'),
('1BM14IS092', '15IS3DCCOE'),
('1BM14IS092', '15IS3DCDSC'),
('1BM14IS092', '15IS3DCTFC'),
('1BM14IS092', '15CI3GCPCP'),
('1BM14IS093', '15MA3CCDMS'),
('1BM14IS093', '15IS3DCCOE'),
('1BM14IS093', '15IS3DCDSC'),
('1BM14IS093', '15IS3DCTFC'),
('1BM14IS093', '15CI3GCPCP'),
('1BM14IS094', '15MA3CCDMS'),
('1BM14IS094', '15IS3DCCOE'),
('1BM14IS094', '15IS3DCDSC'),
('1BM14IS094', '15IS3DCTFC'),
('1BM14IS094', '15CI3GCPCP'),
('1BM14IS095', '15MA3CCDMS'),
('1BM14IS095', '15IS3DCCOE'),
('1BM14IS095', '15IS3DCDSC'),
('1BM14IS095', '15IS3DCTFC'),
('1BM14IS095', '15CI3GCPCP'),
('1BM14IS096', '15IS3DCCOE'),
('1BM14IS096', '15IS3DCDSC'),
('1BM14IS096', '15IS3DCTFC'),
('1BM14IS096', '15CI3GCPCP'),
('1BM14IS097', '15MA3CCDMS'),
('1BM14IS097', '15IS3DCCOE'),
('1BM14IS097', '15IS3DCDSC'),
('1BM14IS097', '15IS3DCTFC'),
('1BM14IS097', '15CI3GCPCP'),
('1BM14IS098', '15MA3CCDMS'),
('1BM14IS098', '15IS3DCCOE'),
('1BM14IS098', '15IS3DCDSC'),
('1BM14IS098', '15IS3DCTFC'),
('1BM14IS098', '15CI3GCPCP'),
('1BM14IS099', '15MA3CCDMS'),
('1BM14IS099', '15IS3DCCOE'),
('1BM14IS099', '15IS3DCDSC'),
('1BM14IS099', '15IS3DCTFC'),
('1BM14IS099', '15CI3GCPCP'),
('1BM14IS100', '15MA3CCDMS'),
('1BM14IS100', '15IS3DCCOE'),
('1BM14IS100', '15IS3DCDSC'),
('1BM14IS100', '15IS3DCTFC'),
('1BM14IS100', '15CI3GCPCP'),
('1BM14IS101', '15MA3CCDMS'),
('1BM14IS101', '15IS3DCCOE'),
('1BM14IS101', '15IS3DCDSC'),
('1BM14IS101', '15IS3DCTFC'),
('1BM14IS101', '15CI3GCPCP'),
('1BM14IS102', '15MA3CCDMS'),
('1BM14IS102', '15IS3DCCOE'),
('1BM14IS102', '15IS3DCDSC'),
('1BM14IS102', '15IS3DCTFC'),
('1BM14IS102', '15CI3GCPCP'),
('1BM14IS103', '15MA3CCDMS'),
('1BM14IS103', '15IS3DCCOE'),
('1BM14IS103', '15IS3DCDSC'),
('1BM14IS103', '15IS3DCTFC'),
('1BM14IS103', '15CI3GCPCP'),
('1BM14IS104', '15MA3CCDMS'),
('1BM14IS104', '15IS3DCCOE'),
('1BM14IS104', '15IS3DCDSC'),
('1BM14IS104', '15IS3DCTFC'),
('1BM14IS104', '15CI3GCPCP'),
('1BM14IS106', '15MA3CCDMS'),
('1BM14IS106', '15IS3DCCOE'),
('1BM14IS106', '15IS3DCDSC'),
('1BM14IS106', '15IS3DCTFC'),
('1BM14IS106', '15CI3GCPCP'),
('1BM13IS093', '15IS3DCCOE'),
('1BM13IS093', '15IS3DCDSC'),
('1BM13IS093', '15IS3DCTFC'),
('1BM13IS093', '15CI3GCPCP'),
('1BM15IS400', '15MA3CCDMS'),
('1BM15IS400', '15IS3DCCOE'),
('1BM15IS400', '15IS3DCDSC'),
('1BM15IS400', '15IS3DCTFC'),
('1BM15IS400', '15CI3GCPCP'),
('1BM15IS401', '15MA3CCDMS'),
('1BM15IS401', '15IS3DCCOE'),
('1BM15IS401', '15IS3DCDSC'),
('1BM15IS401', '15IS3DCTFC'),
('1BM15IS401', '15CI3GCPCP'),
('1BM15IS402', '15MA3CCDMS'),
('1BM15IS402', '15IS3DCCOE'),
('1BM15IS402', '15IS3DCDSC'),
('1BM15IS402', '15IS3DCTFC'),
('1BM15IS402', '15CI3GCPCP'),
('1BM15IS403', '15MA3CCDMS'),
('1BM15IS403', '15IS3DCCOE'),
('1BM15IS403', '15IS3DCDSC'),
('1BM15IS403', '15IS3DCTFC'),
('1BM15IS403', '15CI3GCPCP'),
('1BM15IS405', '15MA3CCDMS'),
('1BM15IS405', '15IS3DCCOE'),
('1BM15IS405', '15IS3DCDSC'),
('1BM15IS405', '15IS3DCTFC'),
('1BM15IS405', '15CI3GCPCP'),
('1BM15IS406', '15MA3CCDMS'),
('1BM15IS406', '15IS3DCCOE'),
('1BM15IS406', '15IS3DCDSC'),
('1BM15IS406', '15IS3DCTFC'),
('1BM15IS406', '15CI3GCPCP'),
('1BM15IS407', '15MA3CCDMS'),
('1BM15IS407', '15IS3DCCOE'),
('1BM15IS407', '15IS3DCDSC'),
('1BM15IS407', '15IS3DCTFC'),
('1BM15IS407', '15CI3GCPCP'),
('1BM15IS408', '15MA3CCDMS'),
('1BM15IS408', '15IS3DCCOE'),
('1BM15IS408', '15IS3DCDSC'),
('1BM15IS408', '15IS3DCTFC'),
('1BM15IS408', '15CI3GCPCP'),
('1BM15IS409', '15MA3CCDMS'),
('1BM15IS409', '15IS3DCCOE'),
('1BM15IS409', '15IS3DCDSC'),
('1BM15IS409', '15IS3DCTFC'),
('1BM15IS409', '15CI3GCPCP'),
('1BM15IS410', '15MA3CCDMS'),
('1BM15IS410', '15IS3DCCOE'),
('1BM15IS410', '15IS3DCDSC'),
('1BM15IS410', '15IS3DCTFC'),
('1BM15IS410', '15CI3GCPCP'),
('1BM15IS411', '15MA3CCDMS'),
('1BM15IS411', '15IS3DCCOE'),
('1BM15IS411', '15IS3DCDSC'),
('1BM15IS411', '15IS3DCTFC'),
('1BM15IS411', '15CI3GCPCP'),
('1BM15IS413', '15MA3CCDMS'),
('1BM15IS413', '15IS3DCCOE'),
('1BM15IS413', '15IS3DCDSC'),
('1BM15IS413', '15IS3DCTFC'),
('1BM15IS413', '15CI3GCPCP'),
('1BM15IS414', '15MA3CCDMS'),
('1BM15IS414', '15IS3DCCOE'),
('1BM15IS414', '15IS3DCDSC'),
('1BM15IS414', '15IS3DCTFC'),
('1BM15IS414', '15CI3GCPCP'),
('1BM15IS415', '15MA3CCDMS'),
('1BM15IS415', '15IS3DCCOE'),
('1BM15IS415', '15IS3DCDSC'),
('1BM15IS415', '15IS3DCTFC'),
('1BM15IS415', '15CI3GCPCP'),
('1BM15IS416', '15MA3CCDMS'),
('1BM15IS416', '15IS3DCCOE'),
('1BM15IS416', '15IS3DCDSC'),
('1BM15IS416', '15IS3DCTFC'),
('1BM15IS416', '15CI3GCPCP'),
('1BM15IS417', '15MA3CCDMS'),
('1BM15IS417', '15IS3DCCOE'),
('1BM15IS417', '15IS3DCDSC'),
('1BM15IS417', '15IS3DCTFC'),
('1BM15IS417', '15CI3GCPCP'),
('1BM10IS063', '15MA3CCDMS'),
('1BM11IS055', '15IS3DCCOE'),
('1BM12IS059', '15IS3DCCOE'),
('1BM12IS059', '15IS3DCTFC'),
('1BM12IS059', '15CI3GCPCP'),
('1BM12IS097', '15IS3DCCOE'),
('1BM12IS099', '15IS3DCCOE'),
('1BM13IS041', '15MA3CCDMS'),
('1BM13IS041', '15IS3DCDSC'),
('1BM13IS041', '15IS3DCTFC'),
('1BM13IS056', '15MA3CCDMS'),
('1BM13IS056', '15IS3DCDSC'),
('1BM13IS077', '15IS3DCCOE'),
('1BM13IS077', '15IS3DCDSC'),
('1BM13IS077', '15IS3DCTFC'),
('1BM13IS101', '15IS3DCCOE'),
('1BM13IS101', '15IS3DCDSC'),
('1BM13IS101', '15IS3DCTFC'),
('1BM14IS415', '15MA3CCDMS'),
('1BM14IS415', '15IS3DCCOE'),
('1BM14CS001', '15MA3CCDMS'),
('1BM14CS001', '15CS3DCDST'),
('1BM14CS001', '15CI3GCPCP'),
('1BM14CS001', '15CS3DCWEP'),
('1BM14CS001', '15CS3DCCOA'),
('1BM14CS002', '15MA3CCDMS'),
('1BM14CS002', '15CS3DCDST'),
('1BM14CS002', '15CI3GCPCP'),
('1BM14CS002', '15CS3DCWEP'),
('1BM14CS002', '15CS3DCCOA'),
('1BM14CS003', '15MA3CCDMS'),
('1BM14CS003', '15CS3DCDST'),
('1BM14CS003', '15CI3GCPCP'),
('1BM14CS003', '15CS3DCWEP'),
('1BM14CS003', '15CS3DCCOA'),
('1BM14CS004', '15MA3CCDMS'),
('1BM14CS004', '15CS3DCDST'),
('1BM14CS004', '15CI3GCPCP'),
('1BM14CS004', '15CS3DCWEP'),
('1BM14CS004', '15CS3DCCOA'),
('1BM14CS005', '15MA3CCDMS'),
('1BM14CS005', '15CS3DCDST'),
('1BM14CS005', '15CI3GCPCP'),
('1BM14CS005', '15CS3DCWEP'),
('1BM14CS005', '15CS3DCCOA'),
('1BM14CS006', '15MA3CCDMS'),
('1BM14CS006', '15CS3DCDST'),
('1BM14CS006', '15CI3GCPCP'),
('1BM14CS006', '15CS3DCWEP'),
('1BM14CS006', '15CS3DCCOA'),
('1BM14CS007', '15MA3CCDMS'),
('1BM14CS007', '15CS3DCDST'),
('1BM14CS007', '15CI3GCPCP'),
('1BM14CS007', '15CS3DCWEP'),
('1BM14CS007', '15CS3DCCOA'),
('1BM14CS009', '15MA3CCDMS'),
('1BM14CS009', '15CS3DCDST'),
('1BM14CS009', '15CI3GCPCP'),
('1BM14CS009', '15CS3DCWEP'),
('1BM14CS009', '15CS3DCCOA'),
('1BM14CS010', '15MA3CCDMS'),
('1BM14CS010', '15CS3DCDST'),
('1BM14CS010', '15CI3GCPCP'),
('1BM14CS010', '15CS3DCWEP'),
('1BM14CS010', '15CS3DCCOA'),
('1BM14CS012', '15MA3CCDMS'),
('1BM14CS012', '15CS3DCDST'),
('1BM14CS012', '15CI3GCPCP'),
('1BM14CS012', '15CS3DCWEP'),
('1BM14CS012', '15CS3DCCOA'),
('1BM14CS013', '15MA3CCDMS'),
('1BM14CS013', '15CS3DCDST'),
('1BM14CS013', '15CI3GCPCP'),
('1BM14CS013', '15CS3DCWEP'),
('1BM14CS013', '15CS3DCCOA'),
('1BM14CS014', '15MA3CCDMS'),
('1BM14CS014', '15CS3DCDST'),
('1BM14CS014', '15CI3GCPCP'),
('1BM14CS014', '15CS3DCWEP'),
('1BM14CS014', '15CS3DCCOA'),
('1BM14CS015', '15MA3CCDMS'),
('1BM14CS015', '15CS3DCDST'),
('1BM14CS015', '15CI3GCPCP'),
('1BM14CS015', '15CS3DCWEP'),
('1BM14CS015', '15CS3DCCOA'),
('1BM14CS016', '15MA3CCDMS'),
('1BM14CS016', '15CS3DCDST'),
('1BM14CS016', '15CI3GCPCP'),
('1BM14CS016', '15CS3DCWEP'),
('1BM14CS016', '15CS3DCCOA'),
('1BM14CS017', '15MA3CCDMS'),
('1BM14CS017', '15CS3DCDST'),
('1BM14CS017', '15CI3GCPCP'),
('1BM14CS017', '15CS3DCWEP'),
('1BM14CS017', '15CS3DCCOA'),
('1BM14CS018', '15MA3CCDMS'),
('1BM14CS018', '15CS3DCDST'),
('1BM14CS018', '15CI3GCPCP'),
('1BM14CS018', '15CS3DCWEP'),
('1BM14CS018', '15CS3DCCOA'),
('1BM14CS019', '15MA3CCDMS'),
('1BM14CS019', '15CS3DCDST'),
('1BM14CS019', '15CI3GCPCP'),
('1BM14CS019', '15CS3DCWEP'),
('1BM14CS019', '15CS3DCCOA'),
('1BM14CS020', '15MA3CCDMS'),
('1BM14CS020', '15CS3DCDST'),
('1BM14CS020', '15CI3GCPCP'),
('1BM14CS020', '15CS3DCWEP'),
('1BM14CS020', '15CS3DCCOA'),
('1BM14CS021', '15MA3CCDMS'),
('1BM14CS021', '15CS3DCDST'),
('1BM14CS021', '15CI3GCPCP'),
('1BM14CS021', '15CS3DCWEP'),
('1BM14CS021', '15CS3DCCOA'),
('1BM14CS022', '15MA3CCDMS'),
('1BM14CS022', '15CS3DCDST'),
('1BM14CS022', '15CI3GCPCP'),
('1BM14CS022', '15CS3DCWEP'),
('1BM14CS022', '15CS3DCCOA'),
('1BM14CS023', '15MA3CCDMS'),
('1BM14CS023', '15CS3DCDST'),
('1BM14CS023', '15CI3GCPCP'),
('1BM14CS023', '15CS3DCWEP'),
('1BM14CS023', '15CS3DCCOA'),
('1BM14CS024', '15MA3CCDMS'),
('1BM14CS024', '15CS3DCDST'),
('1BM14CS024', '15CI3GCPCP'),
('1BM14CS024', '15CS3DCWEP'),
('1BM14CS024', '15CS3DCCOA'),
('1BM14CS025', '15MA3CCDMS'),
('1BM14CS025', '15CS3DCDST'),
('1BM14CS025', '15CI3GCPCP'),
('1BM14CS025', '15CS3DCWEP'),
('1BM14CS025', '15CS3DCCOA'),
('1BM14CS026', '15MA3CCDMS'),
('1BM14CS026', '15CS3DCDST'),
('1BM14CS026', '15CI3GCPCP'),
('1BM14CS026', '15CS3DCWEP'),
('1BM14CS026', '15CS3DCCOA'),
('1BM14CS028', '15MA3CCDMS'),
('1BM14CS028', '15CS3DCDST'),
('1BM14CS028', '15CI3GCPCP'),
('1BM14CS028', '15CS3DCWEP'),
('1BM14CS028', '15CS3DCCOA'),
('1BM14CS029', '15MA3CCDMS'),
('1BM14CS029', '15CS3DCDST'),
('1BM14CS029', '15CI3GCPCP'),
('1BM14CS029', '15CS3DCWEP'),
('1BM14CS029', '15CS3DCCOA'),
('1BM14CS030', '15MA3CCDMS'),
('1BM14CS030', '15CS3DCDST'),
('1BM14CS030', '15CI3GCPCP'),
('1BM14CS030', '15CS3DCWEP'),
('1BM14CS030', '15CS3DCCOA'),
('1BM14CS031', '15MA3CCDMS'),
('1BM14CS031', '15CS3DCDST'),
('1BM14CS031', '15CI3GCPCP'),
('1BM14CS031', '15CS3DCWEP'),
('1BM14CS031', '15CS3DCCOA'),
('1BM14CS032', '15MA3CCDMS'),
('1BM14CS032', '15CS3DCDST'),
('1BM14CS032', '15CI3GCPCP'),
('1BM14CS032', '15CS3DCWEP'),
('1BM14CS032', '15CS3DCCOA'),
('1BM14CS033', '15MA3CCDMS'),
('1BM14CS033', '15CS3DCDST'),
('1BM14CS033', '15CI3GCPCP'),
('1BM14CS033', '15CS3DCWEP'),
('1BM14CS033', '15CS3DCCOA'),
('1BM14CS034', '15MA3CCDMS'),
('1BM14CS034', '15CS3DCDST'),
('1BM14CS034', '15CI3GCPCP'),
('1BM14CS034', '15CS3DCWEP'),
('1BM14CS034', '15CS3DCCOA'),
('1BM14CS035', '15MA3CCDMS'),
('1BM14CS035', '15CS3DCDST'),
('1BM14CS035', '15CI3GCPCP'),
('1BM14CS035', '15CS3DCWEP'),
('1BM14CS035', '15CS3DCCOA'),
('1BM14CS036', '15MA3CCDMS'),
('1BM14CS036', '15CS3DCDST'),
('1BM14CS036', '15CI3GCPCP'),
('1BM14CS036', '15CS3DCWEP'),
('1BM14CS036', '15CS3DCCOA'),
('1BM14CS037', '15MA3CCDMS'),
('1BM14CS037', '15CS3DCDST'),
('1BM14CS037', '15CI3GCPCP'),
('1BM14CS037', '15CS3DCWEP'),
('1BM14CS037', '15CS3DCCOA'),
('1BM14CS038', '15MA3CCDMS'),
('1BM14CS038', '15CS3DCDST'),
('1BM14CS038', '15CI3GCPCP'),
('1BM14CS038', '15CS3DCWEP'),
('1BM14CS038', '15CS3DCCOA'),
('1BM14CS039', '15MA3CCDMS'),
('1BM14CS039', '15CS3DCDST'),
('1BM14CS039', '15CI3GCPCP'),
('1BM14CS039', '15CS3DCWEP'),
('1BM14CS039', '15CS3DCCOA'),
('1BM14CS041', '15MA3CCDMS'),
('1BM14CS041', '15CS3DCDST'),
('1BM14CS041', '15CI3GCPCP'),
('1BM14CS041', '15CS3DCWEP'),
('1BM14CS041', '15CS3DCCOA'),
('1BM14CS042', '15MA3CCDMS'),
('1BM14CS042', '15CS3DCDST'),
('1BM14CS042', '15CI3GCPCP'),
('1BM14CS042', '15CS3DCWEP'),
('1BM14CS042', '15CS3DCCOA'),
('1BM14CS043', '15MA3CCDMS'),
('1BM14CS043', '15CS3DCDST'),
('1BM14CS043', '15CI3GCPCP'),
('1BM14CS043', '15CS3DCWEP'),
('1BM14CS043', '15CS3DCCOA'),
('1BM14CS044', '15MA3CCDMS'),
('1BM14CS044', '15CS3DCDST'),
('1BM14CS044', '15CI3GCPCP'),
('1BM14CS044', '15CS3DCWEP'),
('1BM14CS044', '15CS3DCCOA'),
('1BM14CS045', '15MA3CCDMS'),
('1BM14CS045', '15CS3DCDST'),
('1BM14CS045', '15CI3GCPCP'),
('1BM14CS045', '15CS3DCWEP'),
('1BM14CS045', '15CS3DCCOA'),
('1BM14CS046', '15MA3CCDMS'),
('1BM14CS046', '15CS3DCDST'),
('1BM14CS046', '15CI3GCPCP'),
('1BM14CS046', '15CS3DCWEP'),
('1BM14CS046', '15CS3DCCOA'),
('1BM14CS047', '15MA3CCDMS'),
('1BM14CS047', '15CS3DCDST'),
('1BM14CS047', '15CI3GCPCP'),
('1BM14CS047', '15CS3DCWEP'),
('1BM14CS047', '15CS3DCCOA'),
('1BM14CS048', '15MA3CCDMS'),
('1BM14CS048', '15CS3DCDST'),
('1BM14CS048', '15CI3GCPCP'),
('1BM14CS048', '15CS3DCWEP'),
('1BM14CS048', '15CS3DCCOA'),
('1BM14CS050', '15MA3CCDMS'),
('1BM14CS050', '15CS3DCDST'),
('1BM14CS050', '15CI3GCPCP'),
('1BM14CS050', '15CS3DCWEP'),
('1BM14CS050', '15CS3DCCOA'),
('1BM14CS051', '15MA3CCDMS'),
('1BM14CS051', '15CS3DCDST'),
('1BM14CS051', '15CI3GCPCP'),
('1BM14CS051', '15CS3DCWEP'),
('1BM14CS051', '15CS3DCCOA'),
('1BM14CS053', '15MA3CCDMS'),
('1BM14CS053', '15CS3DCDST'),
('1BM14CS053', '15CI3GCPCP'),
('1BM14CS053', '15CS3DCWEP'),
('1BM14CS053', '15CS3DCCOA'),
('1BM14CS054', '15MA3CCDMS'),
('1BM14CS054', '15CS3DCDST'),
('1BM14CS054', '15CI3GCPCP'),
('1BM14CS054', '15CS3DCWEP'),
('1BM14CS054', '15CS3DCCOA'),
('1BM14CS057', '15MA3CCDMS'),
('1BM14CS057', '15CS3DCDST'),
('1BM14CS057', '15CI3GCPCP'),
('1BM14CS057', '15CS3DCWEP'),
('1BM14CS057', '15CS3DCCOA'),
('1BM14CS058', '15MA3CCDMS'),
('1BM14CS058', '15CS3DCDST'),
('1BM14CS058', '15CI3GCPCP'),
('1BM14CS058', '15CS3DCWEP'),
('1BM14CS058', '15CS3DCCOA'),
('1BM14CS059', '15MA3CCDMS'),
('1BM14CS059', '15CS3DCDST'),
('1BM14CS059', '15CI3GCPCP'),
('1BM14CS059', '15CS3DCWEP'),
('1BM14CS059', '15CS3DCCOA'),
('1BM14CS060', '15MA3CCDMS'),
('1BM14CS060', '15CS3DCDST'),
('1BM14CS060', '15CI3GCPCP'),
('1BM14CS060', '15CS3DCWEP'),
('1BM14CS060', '15CS3DCCOA'),
('1BM14CS061', '15MA3CCDMS'),
('1BM14CS061', '15CS3DCDST'),
('1BM14CS061', '15CI3GCPCP'),
('1BM14CS061', '15CS3DCWEP'),
('1BM14CS061', '15CS3DCCOA'),
('1BM14CS062', '15MA3CCDMS'),
('1BM14CS062', '15CS3DCDST'),
('1BM14CS062', '15CI3GCPCP'),
('1BM14CS062', '15CS3DCWEP'),
('1BM14CS062', '15CS3DCCOA'),
('1BM14CS063', '15MA3CCDMS'),
('1BM14CS063', '15CS3DCDST'),
('1BM14CS063', '15CI3GCPCP'),
('1BM14CS063', '15CS3DCWEP'),
('1BM14CS063', '15CS3DCCOA'),
('1BM14CS064', '15MA3CCDMS'),
('1BM14CS064', '15CS3DCDST'),
('1BM14CS064', '15CI3GCPCP'),
('1BM14CS064', '15CS3DCWEP'),
('1BM14CS064', '15CS3DCCOA'),
('1BM14CS065', '15MA3CCDMS'),
('1BM14CS065', '15CS3DCDST'),
('1BM14CS065', '15CI3GCPCP'),
('1BM14CS065', '15CS3DCWEP'),
('1BM14CS065', '15CS3DCCOA'),
('1BM14CS066', '15MA3CCDMS'),
('1BM14CS066', '15CS3DCDST'),
('1BM14CS066', '15CI3GCPCP'),
('1BM14CS066', '15CS3DCWEP'),
('1BM14CS066', '15CS3DCCOA'),
('1BM14CS067', '15MA3CCDMS'),
('1BM14CS067', '15CS3DCDST'),
('1BM14CS067', '15CI3GCPCP'),
('1BM14CS067', '15CS3DCWEP'),
('1BM14CS067', '15CS3DCCOA'),
('1BM14CS068', '15MA3CCDMS'),
('1BM14CS068', '15CS3DCDST'),
('1BM14CS068', '15CI3GCPCP'),
('1BM14CS068', '15CS3DCWEP'),
('1BM14CS068', '15CS3DCCOA'),
('1BM14CS069', '15MA3CCDMS'),
('1BM14CS069', '15CS3DCDST'),
('1BM14CS069', '15CI3GCPCP'),
('1BM14CS069', '15CS3DCWEP'),
('1BM14CS069', '15CS3DCCOA'),
('1BM14CS070', '15MA3CCDMS'),
('1BM14CS070', '15CS3DCDST'),
('1BM14CS070', '15CI3GCPCP'),
('1BM14CS070', '15CS3DCWEP'),
('1BM14CS070', '15CS3DCCOA'),
('1BM14CS071', '15MA3CCDMS'),
('1BM14CS071', '15CS3DCDST'),
('1BM14CS071', '15CI3GCPCP'),
('1BM14CS071', '15CS3DCWEP'),
('1BM14CS073', '15MA3CCDMS'),
('1BM14CS073', '15CS3DCDST'),
('1BM14CS073', '15CI3GCPCP'),
('1BM14CS073', '15CS3DCWEP'),
('1BM14CS073', '15CS3DCCOA'),
('1BM14CS075', '15MA3CCDMS'),
('1BM14CS075', '15CS3DCDST'),
('1BM14CS075', '15CI3GCPCP'),
('1BM14CS075', '15CS3DCWEP'),
('1BM14CS075', '15CS3DCCOA'),
('1BM14CS076', '15MA3CCDMS'),
('1BM14CS076', '15CS3DCDST'),
('1BM14CS076', '15CI3GCPCP'),
('1BM14CS076', '15CS3DCWEP'),
('1BM14CS076', '15CS3DCCOA'),
('1BM14CS077', '15MA3CCDMS'),
('1BM14CS077', '15CS3DCDST'),
('1BM14CS077', '15CI3GCPCP'),
('1BM14CS077', '15CS3DCWEP'),
('1BM14CS077', '15CS3DCCOA'),
('1BM14CS078', '15MA3CCDMS'),
('1BM14CS078', '15CS3DCDST'),
('1BM14CS078', '15CI3GCPCP'),
('1BM14CS078', '15CS3DCWEP'),
('1BM14CS078', '15CS3DCCOA'),
('1BM14CS079', '15MA3CCDMS'),
('1BM14CS079', '15CS3DCDST'),
('1BM14CS079', '15CI3GCPCP'),
('1BM14CS079', '15CS3DCWEP'),
('1BM14CS079', '15CS3DCCOA'),
('1BM14CS080', '15MA3CCDMS'),
('1BM14CS080', '15CS3DCDST'),
('1BM14CS080', '15CI3GCPCP'),
('1BM14CS080', '15CS3DCWEP'),
('1BM14CS080', '15CS3DCCOA'),
('1BM14CS081', '15MA3CCDMS'),
('1BM14CS081', '15CS3DCDST'),
('1BM14CS081', '15CI3GCPCP'),
('1BM14CS081', '15CS3DCWEP'),
('1BM14CS081', '15CS3DCCOA'),
('1BM14CS082', '15MA3CCDMS'),
('1BM14CS082', '15CS3DCDST'),
('1BM14CS082', '15CI3GCPCP'),
('1BM14CS082', '15CS3DCWEP'),
('1BM14CS082', '15CS3DCCOA'),
('1BM14CS083', '15MA3CCDMS'),
('1BM14CS083', '15CS3DCDST'),
('1BM14CS083', '15CI3GCPCP'),
('1BM14CS083', '15CS3DCWEP'),
('1BM14CS083', '15CS3DCCOA'),
('1BM14CS084', '15MA3CCDMS'),
('1BM14CS084', '15CS3DCDST'),
('1BM14CS084', '15CI3GCPCP'),
('1BM14CS084', '15CS3DCWEP'),
('1BM14CS084', '15CS3DCCOA'),
('1BM14CS085', '15MA3CCDMS'),
('1BM14CS085', '15CS3DCDST'),
('1BM14CS085', '15CI3GCPCP'),
('1BM14CS085', '15CS3DCWEP'),
('1BM14CS085', '15CS3DCCOA'),
('1BM14CS086', '15MA3CCDMS'),
('1BM14CS086', '15CS3DCDST'),
('1BM14CS086', '15CI3GCPCP'),
('1BM14CS086', '15CS3DCWEP'),
('1BM14CS086', '15CS3DCCOA'),
('1BM14CS087', '15MA3CCDMS'),
('1BM14CS087', '15CS3DCDST'),
('1BM14CS087', '15CI3GCPCP'),
('1BM14CS087', '15CS3DCWEP'),
('1BM14CS087', '15CS3DCCOA'),
('1BM14CS089', '15MA3CCDMS'),
('1BM14CS089', '15CS3DCDST'),
('1BM14CS089', '15CI3GCPCP'),
('1BM14CS089', '15CS3DCWEP'),
('1BM14CS089', '15CS3DCCOA'),
('1BM14CS090', '15MA3CCDMS'),
('1BM14CS090', '15CS3DCDST'),
('1BM14CS090', '15CI3GCPCP'),
('1BM14CS090', '15CS3DCWEP'),
('1BM14CS090', '15CS3DCCOA'),
('1BM14CS091', '15MA3CCDMS'),
('1BM14CS091', '15CS3DCDST'),
('1BM14CS091', '15CI3GCPCP'),
('1BM14CS091', '15CS3DCWEP'),
('1BM14CS091', '15CS3DCCOA'),
('1BM14CS092', '15MA3CCDMS'),
('1BM14CS092', '15CS3DCDST'),
('1BM14CS092', '15CI3GCPCP'),
('1BM14CS092', '15CS3DCWEP'),
('1BM14CS092', '15CS3DCCOA'),
('1BM14CS093', '15MA3CCDMS'),
('1BM14CS093', '15CS3DCDST'),
('1BM14CS093', '15CI3GCPCP'),
('1BM14CS093', '15CS3DCWEP'),
('1BM14CS093', '15CS3DCCOA'),
('1BM14CS094', '15MA3CCDMS'),
('1BM14CS094', '15CS3DCDST'),
('1BM14CS094', '15CI3GCPCP'),
('1BM14CS094', '15CS3DCWEP'),
('1BM14CS094', '15CS3DCCOA'),
('1BM14CS095', '15MA3CCDMS'),
('1BM14CS095', '15CS3DCDST'),
('1BM14CS095', '15CI3GCPCP'),
('1BM14CS095', '15CS3DCWEP'),
('1BM14CS095', '15CS3DCCOA'),
('1BM14CS096', '15MA3CCDMS'),
('1BM14CS096', '15CS3DCDST'),
('1BM14CS096', '15CI3GCPCP'),
('1BM14CS096', '15CS3DCWEP'),
('1BM14CS096', '15CS3DCCOA'),
('1BM14CS097', '15MA3CCDMS'),
('1BM14CS097', '15CS3DCDST'),
('1BM14CS097', '15CI3GCPCP'),
('1BM14CS097', '15CS3DCWEP'),
('1BM14CS097', '15CS3DCCOA'),
('1BM14CS099', '15MA3CCDMS'),
('1BM14CS099', '15CS3DCDST'),
('1BM14CS099', '15CI3GCPCP'),
('1BM14CS099', '15CS3DCWEP'),
('1BM14CS099', '15CS3DCCOA'),
('1BM14CS100', '15MA3CCDMS'),
('1BM14CS100', '15CS3DCDST'),
('1BM14CS100', '15CI3GCPCP'),
('1BM14CS100', '15CS3DCWEP'),
('1BM14CS100', '15CS3DCCOA'),
('1BM14CS101', '15MA3CCDMS'),
('1BM14CS101', '15CS3DCDST'),
('1BM14CS101', '15CI3GCPCP'),
('1BM14CS101', '15CS3DCWEP'),
('1BM14CS101', '15CS3DCCOA'),
('1BM14CS102', '15MA3CCDMS'),
('1BM14CS102', '15CS3DCDST'),
('1BM14CS102', '15CI3GCPCP'),
('1BM14CS102', '15CS3DCWEP'),
('1BM14CS102', '15CS3DCCOA'),
('1BM14CS103', '15MA3CCDMS'),
('1BM14CS103', '15CS3DCDST'),
('1BM14CS103', '15CI3GCPCP'),
('1BM14CS103', '15CS3DCWEP'),
('1BM14CS103', '15CS3DCCOA'),
('1BM14CS104', '15MA3CCDMS'),
('1BM14CS104', '15CS3DCDST'),
('1BM14CS104', '15CI3GCPCP'),
('1BM14CS104', '15CS3DCWEP'),
('1BM14CS104', '15CS3DCCOA'),
('1BM14CS105', '15MA3CCDMS'),
('1BM14CS105', '15CS3DCDST'),
('1BM14CS105', '15CI3GCPCP'),
('1BM14CS105', '15CS3DCWEP'),
('1BM14CS105', '15CS3DCCOA'),
('1BM14CS106', '15MA3CCDMS'),
('1BM14CS106', '15CS3DCDST'),
('1BM14CS106', '15CI3GCPCP'),
('1BM14CS106', '15CS3DCWEP'),
('1BM14CS106', '15CS3DCCOA'),
('1BM14CS108', '15MA3CCDMS'),
('1BM14CS108', '15CS3DCDST'),
('1BM14CS108', '15CI3GCPCP'),
('1BM14CS108', '15CS3DCWEP'),
('1BM14CS108', '15CS3DCCOA'),
('1BM14CS110', '15MA3CCDMS'),
('1BM14CS110', '15CS3DCDST'),
('1BM14CS110', '15CI3GCPCP'),
('1BM14CS110', '15CS3DCWEP'),
('1BM14CS110', '15CS3DCCOA'),
('1BM14CS111', '15MA3CCDMS'),
('1BM14CS111', '15CS3DCDST'),
('1BM14CS111', '15CI3GCPCP'),
('1BM14CS111', '15CS3DCWEP'),
('1BM14CS111', '15CS3DCCOA'),
('1BM14CS112', '15MA3CCDMS'),
('1BM14CS112', '15CS3DCDST'),
('1BM14CS112', '15CI3GCPCP'),
('1BM14CS112', '15CS3DCWEP'),
('1BM14CS112', '15CS3DCCOA'),
('1BM14CS113', '15MA3CCDMS'),
('1BM14CS113', '15CS3DCDST'),
('1BM14CS113', '15CI3GCPCP'),
('1BM14CS113', '15CS3DCWEP'),
('1BM14CS113', '15CS3DCCOA'),
('1BM14CS114', '15MA3CCDMS'),
('1BM14CS114', '15CS3DCDST'),
('1BM14CS114', '15CI3GCPCP'),
('1BM14CS114', '15CS3DCWEP'),
('1BM14CS114', '15CS3DCCOA'),
('1BM14CS115', '15MA3CCDMS'),
('1BM14CS115', '15CS3DCDST'),
('1BM14CS115', '15CI3GCPCP'),
('1BM14CS115', '15CS3DCWEP'),
('1BM14CS115', '15CS3DCCOA'),
('1BM14CS116', '15MA3CCDMS'),
('1BM14CS116', '15CS3DCDST'),
('1BM14CS116', '15CI3GCPCP'),
('1BM14CS116', '15CS3DCWEP'),
('1BM14CS116', '15CS3DCCOA'),
('1BM14CS118', '15MA3CCDMS'),
('1BM14CS118', '15CS3DCDST'),
('1BM14CS118', '15CI3GCPCP'),
('1BM14CS118', '15CS3DCWEP'),
('1BM14CS118', '15CS3DCCOA'),
('1BM14CS121', '15MA3CCDMS'),
('1BM14CS121', '15CS3DCDST'),
('1BM14CS121', '15CI3GCPCP'),
('1BM14CS121', '15CS3DCWEP'),
('1BM14CS121', '15CS3DCCOA'),
('1BM14CS122', '15MA3CCDMS'),
('1BM14CS122', '15CS3DCDST'),
('1BM14CS122', '15CI3GCPCP'),
('1BM14CS122', '15CS3DCWEP'),
('1BM14CS122', '15CS3DCCOA'),
('1BM14CS123', '15MA3CCDMS'),
('1BM14CS123', '15CS3DCDST'),
('1BM14CS123', '15CI3GCPCP'),
('1BM14CS123', '15CS3DCWEP'),
('1BM14CS123', '15CS3DCCOA'),
('1BM14CS126', '15MA3CCDMS'),
('1BM14CS126', '15CS3DCDST'),
('1BM14CS126', '15CI3GCPCP'),
('1BM14CS126', '15CS3DCWEP'),
('1BM14CS126', '15CS3DCCOA'),
('1BM14CS127', '15MA3CCDMS'),
('1BM14CS127', '15CS3DCDST'),
('1BM14CS127', '15CI3GCPCP'),
('1BM14CS127', '15CS3DCWEP'),
('1BM14CS127', '15CS3DCCOA'),
('1BM14CS128', '15MA3CCDMS'),
('1BM14CS128', '15CS3DCDST'),
('1BM14CS128', '15CI3GCPCP'),
('1BM14CS128', '15CS3DCWEP'),
('1BM14CS128', '15CS3DCCOA'),
('1BM14CS130', '15MA3CCDMS'),
('1BM14CS130', '15CS3DCDST'),
('1BM14CS130', '15CI3GCPCP'),
('1BM14CS130', '15CS3DCWEP'),
('1BM14CS130', '15CS3DCCOA'),
('1BM14CS131', '15MA3CCDMS'),
('1BM14CS131', '15CS3DCDST'),
('1BM14CS131', '15CI3GCPCP'),
('1BM14CS131', '15CS3DCWEP'),
('1BM14CS131', '15CS3DCCOA'),
('1BM14CS132', '15MA3CCDMS'),
('1BM14CS132', '15CS3DCDST'),
('1BM14CS132', '15CI3GCPCP'),
('1BM14CS132', '15CS3DCWEP'),
('1BM14CS132', '15CS3DCCOA'),
('1BM14CS133', '15MA3CCDMS'),
('1BM14CS133', '15CS3DCDST'),
('1BM14CS133', '15CI3GCPCP'),
('1BM14CS133', '15CS3DCWEP'),
('1BM14CS133', '15CS3DCCOA'),
('1BM14CS135', '15MA3CCDMS'),
('1BM14CS135', '15CI3GCPCP'),
('1BM14CS135', '15CS3DCWEP'),
('1BM14CS135', '15CS3DCCOA'),
('1BM14CS136', '15MA3CCDMS'),
('1BM14CS136', '15CS3DCDST'),
('1BM14CS136', '15CI3GCPCP'),
('1BM14CS136', '15CS3DCWEP'),
('1BM14CS136', '15CS3DCCOA'),
('1BM14CS138', '15MA3CCDMS'),
('1BM14CS138', '15CS3DCDST'),
('1BM14CS138', '15CI3GCPCP'),
('1BM14CS138', '15CS3DCWEP'),
('1BM14CS138', '15CS3DCCOA'),
('1BM14CS139', '15MA3CCDMS'),
('1BM14CS139', '15CS3DCDST'),
('1BM14CS139', '15CI3GCPCP'),
('1BM14CS139', '15CS3DCWEP'),
('1BM14CS139', '15CS3DCCOA'),
('1BM14CS140', '15MA3CCDMS'),
('1BM14CS140', '15CS3DCDST'),
('1BM14CS140', '15CS3DCWEP'),
('1BM14CS140', '15CS3DCCOA'),
('1BM14CS143', '15MA3CCDMS'),
('1BM14CS143', '15CI3GCPCP'),
('1BM14CS143', '15CS3DCWEP'),
('1BM14CS143', '15CS3DCCOA'),
('1BM13CS005', '15MA3CCDMS'),
('1BM13CS005', '15CS3DCDST'),
('1BM13CS005', '15CI3GCPCP'),
('1BM13CS005', '15CS3DCWEP'),
('1BM13CS005', '15CS3DCCOA'),
('1BM13CS025', '15MA3CCDMS'),
('1BM13CS025', '15CS3DCDST'),
('1BM13CS025', '15CI3GCPCP'),
('1BM13CS025', '15CS3DCWEP'),
('1BM13CS025', '15CS3DCCOA'),
('1BM13CS050', '15MA3CCDMS'),
('1BM13CS050', '15CS3DCDST'),
('1BM13CS050', '15CI3GCPCP'),
('1BM13CS050', '15CS3DCWEP'),
('1BM13CS050', '15CS3DCCOA'),
('1BM13CS060', '15MA3CCDMS'),
('1BM13CS060', '15CS3DCDST'),
('1BM13CS060', '15CI3GCPCP'),
('1BM13CS060', '15CS3DCWEP'),
('1BM13CS060', '15CS3DCCOA'),
('1BM13CS099', '15MA3CCDMS'),
('1BM13CS099', '15CS3DCDST'),
('1BM13CS099', '15CI3GCPCP'),
('1BM13CS099', '15CS3DCWEP'),
('1BM13CS099', '15CS3DCCOA'),
('1BM13CS115', '15MA3CCDMS'),
('1BM13CS115', '15CS3DCDST'),
('1BM13CS115', '15CI3GCPCP'),
('1BM13CS115', '15CS3DCWEP'),
('1BM13CS115', '15CS3DCCOA'),
('1BM13CS116', '15MA3CCDMS'),
('1BM13CS116', '15CS3DCDST'),
('1BM13CS116', '15CI3GCPCP'),
('1BM13CS116', '15CS3DCWEP'),
('1BM13CS116', '15CS3DCCOA'),
('1BM13CS125', '15MA3CCDMS'),
('1BM13CS125', '15CS3DCDST'),
('1BM13CS125', '15CI3GCPCP'),
('1BM13CS125', '15CS3DCWEP'),
('1BM13CS125', '15CS3DCCOA'),
('1BM13CS130', '15MA3CCDMS'),
('1BM13CS130', '15CS3DCDST'),
('1BM13CS130', '15CI3GCPCP'),
('1BM13CS130', '15CS3DCWEP'),
('1BM13CS130', '15CS3DCCOA'),
('1BM13CS135', '15MA3CCDMS'),
('1BM13CS135', '15CI3GCPCP'),
('1BM13CS135', '15CS3DCWEP'),
('1BM12CS100', '15MA3CCDMS'),
('1BM12CS100', '15CS3DCWEP'),
('1BM13CS011', '15CS3DCDST'),
('1BM13CS011', '15CI3GCPCP'),
('1BM13CS011', '15CS3DCWEP'),
('1BM13CS044', '15CI3GCPCP'),
('1BM13CS065', '15CI3GCPCP'),
('1BM13CS096', '15MA3CCDMS'),
('1BM13CS096', '15CS3DCCOA'),
('1BM13CS143', '15MA3CCDMS'),
('1BM13CS419', '15MA3CCDMS'),
('1BM13CS419', '15CS3DCDST'),
('1BM13CS419', '15CI3GCPCP'),
('1BM13CS419', '15CS3DCWEP'),
('1BM13CS419', '15CS3DCCOA'),
('1BM12CS405', '15MA3CCDMS'),
('1BM15CS400', '15MA3CCDMS'),
('1BM15CS400', '15CS3DCDST'),
('1BM15CS400', '15CI3GCPCP'),
('1BM15CS400', '15CS3DCWEP'),
('1BM15CS400', '15CS3DCCOA'),
('1BM15CS401', '15MA3CCDMS'),
('1BM15CS401', '15CS3DCDST'),
('1BM15CS401', '15CI3GCPCP'),
('1BM15CS401', '15CS3DCWEP'),
('1BM15CS401', '15CS3DCCOA'),
('1BM15CS402', '15MA3CCDMS'),
('1BM15CS402', '15CS3DCDST'),
('1BM15CS402', '15CI3GCPCP'),
('1BM15CS402', '15CS3DCWEP'),
('1BM15CS402', '15CS3DCCOA'),
('1BM15CS403', '15MA3CCDMS'),
('1BM15CS403', '15CS3DCDST'),
('1BM15CS403', '15CI3GCPCP'),
('1BM15CS403', '15CS3DCWEP'),
('1BM15CS403', '15CS3DCCOA'),
('1BM15CS404', '15MA3CCDMS'),
('1BM15CS404', '15CS3DCDST'),
('1BM15CS404', '15CI3GCPCP'),
('1BM15CS404', '15CS3DCWEP'),
('1BM15CS404', '15CS3DCCOA'),
('1BM15CS405', '15MA3CCDMS'),
('1BM15CS405', '15CS3DCDST'),
('1BM15CS405', '15CI3GCPCP'),
('1BM15CS405', '15CS3DCWEP'),
('1BM15CS405', '15CS3DCCOA'),
('1BM15CS406', '15MA3CCDMS'),
('1BM15CS406', '15CS3DCDST'),
('1BM15CS406', '15CI3GCPCP'),
('1BM15CS406', '15CS3DCWEP'),
('1BM15CS406', '15CS3DCCOA'),
('1BM15CS407', '15MA3CCDMS'),
('1BM15CS407', '15CS3DCDST'),
('1BM15CS407', '15CI3GCPCP'),
('1BM15CS407', '15CS3DCWEP'),
('1BM15CS407', '15CS3DCCOA'),
('1BM15CS408', '15MA3CCDMS'),
('1BM15CS408', '15CS3DCDST'),
('1BM15CS408', '15CI3GCPCP'),
('1BM15CS408', '15CS3DCWEP'),
('1BM15CS408', '15CS3DCCOA'),
('1BM15CS409', '15MA3CCDMS'),
('1BM15CS409', '15CS3DCDST'),
('1BM15CS409', '15CI3GCPCP'),
('1BM15CS409', '15CS3DCWEP'),
('1BM15CS409', '15CS3DCCOA'),
('1BM15CS410', '15MA3CCDMS'),
('1BM15CS410', '15CS3DCDST'),
('1BM15CS410', '15CI3GCPCP'),
('1BM15CS410', '15CS3DCWEP'),
('1BM15CS410', '15CS3DCCOA'),
('1BM15CS411', '15MA3CCDMS'),
('1BM15CS411', '15CS3DCDST'),
('1BM15CS411', '15CI3GCPCP'),
('1BM15CS411', '15CS3DCWEP'),
('1BM15CS411', '15CS3DCCOA'),
('1BM15CS412', '15MA3CCDMS'),
('1BM15CS412', '15CS3DCDST'),
('1BM15CS412', '15CI3GCPCP'),
('1BM15CS412', '15CS3DCWEP'),
('1BM15CS412', '15CS3DCCOA'),
('1BM15CS413', '15MA3CCDMS'),
('1BM15CS413', '15CS3DCDST'),
('1BM15CS413', '15CI3GCPCP'),
('1BM15CS413', '15CS3DCWEP'),
('1BM15CS413', '15CS3DCCOA'),
('1BM15CS414', '15MA3CCDMS'),
('1BM15CS414', '15CS3DCDST'),
('1BM15CS414', '15CI3GCPCP'),
('1BM15CS414', '15CS3DCWEP'),
('1BM15CS414', '15CS3DCCOA'),
('1BM15CS415', '15MA3CCDMS'),
('1BM15CS415', '15CS3DCDST'),
('1BM15CS415', '15CI3GCPCP'),
('1BM15CS415', '15CS3DCWEP'),
('1BM15CS415', '15CS3DCCOA'),
('1BM15CS416', '15MA3CCDMS'),
('1BM15CS416', '15CS3DCDST'),
('1BM15CS416', '15CI3GCPCP'),
('1BM15CS416', '15CS3DCWEP'),
('1BM15CS416', '15CS3DCCOA'),
('1BM15CS417', '15MA3CCDMS'),
('1BM15CS417', '15CS3DCDST'),
('1BM15CS417', '15CI3GCPCP'),
('1BM15CS417', '15CS3DCWEP'),
('1BM15CS417', '15CS3DCCOA'),
('1BM15CS418', '15MA3CCDMS'),
('1BM15CS418', '15CS3DCDST'),
('1BM15CS418', '15CI3GCPCP'),
('1BM15CS418', '15CS3DCWEP'),
('1BM15CS418', '15CS3DCCOA'),
('1BM15CS419', '15MA3CCDMS'),
('1BM15CS419', '15CS3DCDST'),
('1BM15CS419', '15CI3GCPCP'),
('1BM15CS419', '15CS3DCWEP'),
('1BM15CS419', '15CS3DCCOA'),
('1BM15CS420', '15MA3CCDMS'),
('1BM15CS420', '15CS3DCDST'),
('1BM15CS420', '15CI3GCPCP'),
('1BM15CS420', '15CS3DCWEP'),
('1BM15CS420', '15CS3DCCOA'),
('1BM15CS421', '15MA3CCDMS'),
('1BM15CS421', '15CS3DCDST'),
('1BM15CS421', '15CI3GCPCP'),
('1BM15CS421', '15CS3DCWEP'),
('1BM15CS421', '15CS3DCCOA'),
('1BM15CS422', '15MA3CCDMS'),
('1BM15CS422', '15CS3DCDST'),
('1BM15CS422', '15CI3GCPCP'),
('1BM15CS422', '15CS3DCWEP'),
('1BM15CS422', '15CS3DCCOA'),
('1BM15CS423', '15MA3CCDMS'),
('1BM15CS423', '15CS3DCDST'),
('1BM15CS423', '15CI3GCPCP'),
('1BM15CS423', '15CS3DCWEP'),
('1BM15CS423', '15CS3DCCOA'),
('1BM14EC001', '15MA3GCAEM'),
('1BM14EC001', '15ES3GCLCA'),
('1BM14EC001', '15ES3GCAME'),
('1BM14EC001', '15ES3GCDEC'),
('1BM14EC001', '15ES3GCFAW'),
('1BM14EC001', '15EC3DLSL1'),
('1BM14EC002', '15MA3GCAEM'),
('1BM14EC002', '15ES3GCLCA'),
('1BM14EC002', '15ES3GCAME'),
('1BM14EC002', '15ES3GCDEC'),
('1BM14EC002', '15ES3GCFAW'),
('1BM14EC002', '15EC3DLSL1'),
('1BM14EC003', '15MA3GCAEM'),
('1BM14EC003', '15ES3GCLCA'),
('1BM14EC003', '15ES3GCAME'),
('1BM14EC003', '15ES3GCDEC'),
('1BM14EC003', '15ES3GCFAW'),
('1BM14EC003', '15EC3DLSL1'),
('1BM12EC004', '15MA3GCAEM'),
('1BM12EC004', '15ES3GCLCA'),
('1BM12EC004', '15ES3GCAME'),
('1BM12EC004', '15ES3GCDEC'),
('1BM12EC004', '15ES3GCFAW'),
('1BM12EC004', '15EC3DLSL1'),
('1BM14EC005', '15MA3GCAEM'),
('1BM14EC005', '15ES3GCLCA'),
('1BM14EC005', '15ES3GCAME'),
('1BM14EC005', '15ES3GCDEC'),
('1BM14EC005', '15ES3GCFAW'),
('1BM14EC005', '15EC3DLSL1'),
('1BM14EC006', '15MA3GCAEM'),
('1BM14EC006', '15ES3GCLCA'),
('1BM14EC006', '15ES3GCAME'),
('1BM14EC006', '15ES3GCDEC'),
('1BM14EC006', '15ES3GCFAW'),
('1BM14EC006', '15EC3DLSL1'),
('1BM14EC007', '15MA3GCAEM'),
('1BM14EC007', '15ES3GCLCA'),
('1BM14EC007', '15ES3GCAME'),
('1BM14EC007', '15ES3GCDEC'),
('1BM14EC007', '15ES3GCFAW'),
('1BM14EC007', '15EC3DLSL1'),
('1BM14EC008', '15MA3GCAEM'),
('1BM14EC008', '15ES3GCLCA'),
('1BM14EC008', '15ES3GCAME'),
('1BM14EC008', '15ES3GCDEC'),
('1BM14EC008', '15ES3GCFAW'),
('1BM14EC008', '15EC3DLSL1'),
('1BM14EC009', '15MA3GCAEM'),
('1BM14EC009', '15ES3GCLCA'),
('1BM14EC009', '15ES3GCAME'),
('1BM14EC009', '15ES3GCDEC'),
('1BM14EC009', '15ES3GCFAW'),
('1BM14EC009', '15EC3DLSL1'),
('1BM14EC010', '15MA3GCAEM'),
('1BM14EC010', '15ES3GCLCA'),
('1BM14EC010', '15ES3GCAME'),
('1BM14EC010', '15ES3GCDEC'),
('1BM14EC010', '15ES3GCFAW'),
('1BM14EC010', '15EC3DLSL1'),
('1BM14EC011', '15MA3GCAEM'),
('1BM14EC011', '15ES3GCLCA'),
('1BM14EC011', '15ES3GCAME'),
('1BM14EC011', '15ES3GCDEC'),
('1BM14EC011', '15ES3GCFAW'),
('1BM14EC011', '15EC3DLSL1'),
('1BM14EC012', '15MA3GCAEM'),
('1BM14EC012', '15ES3GCLCA'),
('1BM14EC012', '15ES3GCAME'),
('1BM14EC012', '15ES3GCDEC'),
('1BM14EC012', '15ES3GCFAW'),
('1BM14EC012', '15EC3DLSL1'),
('1BM14EC013', '15MA3GCAEM'),
('1BM14EC013', '15ES3GCLCA'),
('1BM14EC013', '15ES3GCAME'),
('1BM14EC013', '15ES3GCDEC'),
('1BM14EC013', '15ES3GCFAW'),
('1BM14EC013', '15EC3DLSL1'),
('1BM14EC014', '15MA3GCAEM'),
('1BM14EC014', '15ES3GCLCA'),
('1BM14EC014', '15ES3GCAME'),
('1BM14EC014', '15ES3GCDEC'),
('1BM14EC014', '15ES3GCFAW'),
('1BM14EC014', '15EC3DLSL1'),
('1BM14EC015', '15MA3GCAEM'),
('1BM14EC015', '15ES3GCLCA'),
('1BM14EC015', '15ES3GCAME'),
('1BM14EC015', '15ES3GCDEC'),
('1BM14EC015', '15ES3GCFAW'),
('1BM14EC015', '15EC3DLSL1'),
('1BM14EC016', '15MA3GCAEM'),
('1BM14EC016', '15ES3GCLCA'),
('1BM14EC016', '15ES3GCAME'),
('1BM14EC016', '15ES3GCDEC'),
('1BM14EC016', '15ES3GCFAW'),
('1BM14EC016', '15EC3DLSL1'),
('1BM14EC017', '15MA3GCAEM'),
('1BM14EC017', '15ES3GCLCA'),
('1BM14EC017', '15ES3GCAME'),
('1BM14EC017', '15ES3GCDEC'),
('1BM14EC017', '15ES3GCFAW'),
('1BM14EC017', '15EC3DLSL1'),
('1BM14EC018', '15MA3GCAEM'),
('1BM14EC018', '15ES3GCLCA'),
('1BM14EC018', '15ES3GCAME'),
('1BM14EC018', '15ES3GCDEC'),
('1BM14EC018', '15ES3GCFAW'),
('1BM14EC018', '15EC3DLSL1'),
('1BM14EC019', '15MA3GCAEM'),
('1BM14EC019', '15ES3GCLCA'),
('1BM14EC019', '15ES3GCAME'),
('1BM14EC019', '15ES3GCDEC'),
('1BM14EC019', '15ES3GCFAW'),
('1BM14EC019', '15EC3DLSL1'),
('1BM14EC020', '15MA3GCAEM'),
('1BM14EC020', '15ES3GCLCA'),
('1BM14EC020', '15ES3GCAME'),
('1BM14EC020', '15ES3GCDEC'),
('1BM14EC020', '15ES3GCFAW'),
('1BM14EC020', '15EC3DLSL1'),
('1BM14EC021', '15MA3GCAEM'),
('1BM14EC021', '15ES3GCLCA'),
('1BM14EC021', '15ES3GCAME'),
('1BM14EC021', '15ES3GCDEC'),
('1BM14EC021', '15ES3GCFAW'),
('1BM14EC021', '15EC3DLSL1'),
('1BM14EC022', '15MA3GCAEM'),
('1BM14EC022', '15ES3GCLCA'),
('1BM14EC022', '15ES3GCAME'),
('1BM14EC022', '15ES3GCDEC'),
('1BM14EC022', '15ES3GCFAW'),
('1BM14EC022', '15EC3DLSL1'),
('1BM14EC024', '15MA3GCAEM'),
('1BM14EC024', '15ES3GCLCA'),
('1BM14EC024', '15ES3GCAME'),
('1BM14EC024', '15ES3GCDEC'),
('1BM14EC024', '15ES3GCFAW'),
('1BM14EC024', '15EC3DLSL1'),
('1BM14EC025', '15MA3GCAEM'),
('1BM14EC025', '15ES3GCLCA'),
('1BM14EC025', '15ES3GCAME'),
('1BM14EC025', '15ES3GCDEC'),
('1BM14EC025', '15ES3GCFAW'),
('1BM14EC025', '15EC3DLSL1'),
('1BM14EC026', '15MA3GCAEM'),
('1BM14EC026', '15ES3GCLCA'),
('1BM14EC026', '15ES3GCAME'),
('1BM14EC026', '15ES3GCDEC'),
('1BM14EC026', '15ES3GCFAW'),
('1BM14EC026', '15EC3DLSL1'),
('1BM14EC027', '15MA3GCAEM'),
('1BM14EC027', '15ES3GCLCA'),
('1BM14EC027', '15ES3GCAME'),
('1BM14EC027', '15ES3GCDEC'),
('1BM14EC027', '15ES3GCFAW'),
('1BM14EC027', '15EC3DLSL1'),
('1BM14EC028', '15MA3GCAEM'),
('1BM14EC028', '15ES3GCLCA'),
('1BM14EC028', '15ES3GCAME'),
('1BM14EC028', '15ES3GCDEC'),
('1BM14EC028', '15ES3GCFAW'),
('1BM14EC028', '15EC3DLSL1'),
('1BM14EC029', '15MA3GCAEM'),
('1BM14EC029', '15ES3GCLCA'),
('1BM14EC029', '15ES3GCAME'),
('1BM14EC029', '15ES3GCDEC'),
('1BM14EC029', '15ES3GCFAW'),
('1BM14EC029', '15EC3DLSL1'),
('1BM14EC030', '15MA3GCAEM'),
('1BM14EC030', '15ES3GCLCA'),
('1BM14EC030', '15ES3GCAME'),
('1BM14EC030', '15ES3GCDEC'),
('1BM14EC030', '15ES3GCFAW'),
('1BM14EC030', '15EC3DLSL1'),
('1BM14EC031', '15MA3GCAEM'),
('1BM14EC031', '15ES3GCLCA'),
('1BM14EC031', '15ES3GCAME'),
('1BM14EC031', '15ES3GCDEC'),
('1BM14EC031', '15ES3GCFAW'),
('1BM14EC031', '15EC3DLSL1'),
('1BM14EC032', '15MA3GCAEM'),
('1BM14EC032', '15ES3GCLCA'),
('1BM14EC032', '15ES3GCAME'),
('1BM14EC032', '15ES3GCDEC'),
('1BM14EC032', '15ES3GCFAW'),
('1BM14EC032', '15EC3DLSL1'),
('1BM14EC033', '15MA3GCAEM'),
('1BM14EC033', '15ES3GCLCA'),
('1BM14EC033', '15ES3GCAME'),
('1BM14EC033', '15ES3GCDEC'),
('1BM14EC033', '15ES3GCFAW'),
('1BM14EC033', '15EC3DLSL1'),
('1BM14EC034', '15MA3GCAEM'),
('1BM14EC034', '15ES3GCLCA'),
('1BM14EC034', '15ES3GCAME'),
('1BM14EC034', '15ES3GCDEC'),
('1BM14EC034', '15ES3GCFAW'),
('1BM14EC034', '15EC3DLSL1'),
('1BM14EC035', '15MA3GCAEM'),
('1BM14EC035', '15ES3GCLCA'),
('1BM14EC035', '15ES3GCAME'),
('1BM14EC035', '15ES3GCDEC'),
('1BM14EC035', '15ES3GCFAW'),
('1BM14EC035', '15EC3DLSL1'),
('1BM14EC036', '15MA3GCAEM'),
('1BM14EC036', '15ES3GCLCA'),
('1BM14EC036', '15ES3GCAME'),
('1BM14EC036', '15ES3GCDEC'),
('1BM14EC036', '15ES3GCFAW'),
('1BM14EC036', '15EC3DLSL1'),
('1BM14EC037', '15MA3GCAEM'),
('1BM14EC037', '15ES3GCLCA'),
('1BM14EC037', '15ES3GCAME'),
('1BM14EC037', '15ES3GCDEC'),
('1BM14EC037', '15ES3GCFAW'),
('1BM14EC037', '15EC3DLSL1'),
('1BM14EC038', '15MA3GCAEM'),
('1BM14EC038', '15ES3GCLCA'),
('1BM14EC038', '15ES3GCAME'),
('1BM14EC038', '15ES3GCDEC'),
('1BM14EC038', '15ES3GCFAW'),
('1BM14EC038', '15EC3DLSL1'),
('1BM14EC039', '15MA3GCAEM'),
('1BM14EC039', '15ES3GCLCA'),
('1BM14EC039', '15ES3GCAME'),
('1BM14EC039', '15ES3GCDEC'),
('1BM14EC039', '15ES3GCFAW'),
('1BM14EC039', '15EC3DLSL1'),
('1BM14EC040', '15MA3GCAEM'),
('1BM14EC040', '15ES3GCLCA'),
('1BM14EC040', '15ES3GCAME'),
('1BM14EC040', '15ES3GCDEC'),
('1BM14EC040', '15ES3GCFAW'),
('1BM14EC040', '15EC3DLSL1'),
('1BM14EC041', '15MA3GCAEM'),
('1BM14EC041', '15ES3GCLCA'),
('1BM14EC041', '15ES3GCAME'),
('1BM14EC041', '15ES3GCDEC'),
('1BM14EC041', '15ES3GCFAW'),
('1BM14EC041', '15EC3DLSL1'),
('1BM14EC042', '15MA3GCAEM'),
('1BM14EC042', '15ES3GCLCA'),
('1BM14EC042', '15ES3GCAME'),
('1BM14EC042', '15ES3GCDEC'),
('1BM14EC042', '15ES3GCFAW'),
('1BM14EC042', '15EC3DLSL1'),
('1BM14EC043', '15MA3GCAEM'),
('1BM14EC043', '15ES3GCLCA'),
('1BM14EC043', '15ES3GCAME'),
('1BM14EC043', '15ES3GCDEC'),
('1BM14EC043', '15ES3GCFAW'),
('1BM14EC043', '15EC3DLSL1'),
('1BM14EC044', '15MA3GCAEM'),
('1BM14EC044', '15ES3GCLCA'),
('1BM14EC044', '15ES3GCAME'),
('1BM14EC044', '15ES3GCDEC'),
('1BM14EC044', '15ES3GCFAW'),
('1BM14EC044', '15EC3DLSL1'),
('1BM14EC045', '15MA3GCAEM'),
('1BM14EC045', '15ES3GCLCA'),
('1BM14EC045', '15ES3GCAME'),
('1BM14EC045', '15ES3GCDEC'),
('1BM14EC045', '15ES3GCFAW'),
('1BM14EC045', '15EC3DLSL1'),
('1BM14EC046', '15MA3GCAEM'),
('1BM14EC046', '15ES3GCLCA'),
('1BM14EC046', '15ES3GCAME'),
('1BM14EC046', '15ES3GCDEC'),
('1BM14EC046', '15ES3GCFAW'),
('1BM14EC046', '15EC3DLSL1'),
('1BM14EC047', '15MA3GCAEM'),
('1BM14EC047', '15ES3GCLCA'),
('1BM14EC047', '15ES3GCAME'),
('1BM14EC047', '15ES3GCDEC'),
('1BM14EC047', '15ES3GCFAW'),
('1BM14EC047', '15EC3DLSL1'),
('1BM14EC048', '15MA3GCAEM'),
('1BM14EC048', '15ES3GCLCA'),
('1BM14EC048', '15ES3GCAME'),
('1BM14EC048', '15ES3GCDEC'),
('1BM14EC048', '15ES3GCFAW'),
('1BM14EC048', '15EC3DLSL1'),
('1BM14EC049', '15MA3GCAEM'),
('1BM14EC049', '15ES3GCLCA'),
('1BM14EC049', '15ES3GCAME'),
('1BM14EC049', '15ES3GCDEC'),
('1BM14EC049', '15ES3GCFAW'),
('1BM14EC049', '15EC3DLSL1'),
('1BM14EC050', '15MA3GCAEM'),
('1BM14EC050', '15ES3GCLCA'),
('1BM14EC050', '15ES3GCAME'),
('1BM14EC050', '15ES3GCDEC'),
('1BM14EC050', '15ES3GCFAW'),
('1BM14EC050', '15EC3DLSL1'),
('1BM14EC051', '15MA3GCAEM'),
('1BM14EC051', '15ES3GCLCA'),
('1BM14EC051', '15ES3GCAME'),
('1BM14EC051', '15ES3GCDEC'),
('1BM14EC051', '15ES3GCFAW'),
('1BM14EC051', '15EC3DLSL1'),
('1BM14EC052', '15MA3GCAEM'),
('1BM14EC052', '15ES3GCLCA'),
('1BM14EC052', '15ES3GCAME'),
('1BM14EC052', '15ES3GCDEC'),
('1BM14EC052', '15ES3GCFAW'),
('1BM14EC052', '15EC3DLSL1'),
('1BM14EC053', '15MA3GCAEM'),
('1BM14EC053', '15ES3GCLCA'),
('1BM14EC053', '15ES3GCAME'),
('1BM14EC053', '15ES3GCDEC'),
('1BM14EC053', '15ES3GCFAW'),
('1BM14EC053', '15EC3DLSL1'),
('1BM14EC054', '15MA3GCAEM'),
('1BM14EC054', '15ES3GCLCA'),
('1BM14EC054', '15ES3GCAME'),
('1BM14EC054', '15ES3GCDEC'),
('1BM14EC054', '15ES3GCFAW'),
('1BM14EC054', '15EC3DLSL1'),
('1BM14EC055', '15MA3GCAEM'),
('1BM14EC055', '15ES3GCLCA'),
('1BM14EC055', '15ES3GCAME'),
('1BM14EC055', '15ES3GCDEC'),
('1BM14EC055', '15ES3GCFAW'),
('1BM14EC055', '15EC3DLSL1'),
('1BM14EC056', '15MA3GCAEM'),
('1BM14EC056', '15ES3GCLCA'),
('1BM14EC056', '15ES3GCAME'),
('1BM14EC056', '15ES3GCDEC'),
('1BM14EC056', '15ES3GCFAW'),
('1BM14EC056', '15EC3DLSL1'),
('1BM14EC057', '15MA3GCAEM'),
('1BM14EC057', '15ES3GCLCA'),
('1BM14EC057', '15ES3GCAME'),
('1BM14EC057', '15ES3GCDEC'),
('1BM14EC057', '15ES3GCFAW'),
('1BM14EC057', '15EC3DLSL1'),
('1BM14EC058', '15MA3GCAEM'),
('1BM14EC058', '15ES3GCLCA'),
('1BM14EC058', '15ES3GCAME'),
('1BM14EC058', '15ES3GCDEC'),
('1BM14EC058', '15ES3GCFAW'),
('1BM14EC058', '15EC3DLSL1'),
('1BM14EC060', '15MA3GCAEM'),
('1BM14EC060', '15ES3GCLCA'),
('1BM14EC060', '15ES3GCAME'),
('1BM14EC060', '15ES3GCDEC'),
('1BM14EC060', '15ES3GCFAW'),
('1BM14EC060', '15EC3DLSL1'),
('1BM14EC061', '15MA3GCAEM'),
('1BM14EC061', '15ES3GCLCA'),
('1BM14EC061', '15ES3GCAME'),
('1BM14EC061', '15ES3GCDEC'),
('1BM14EC061', '15ES3GCFAW'),
('1BM14EC061', '15EC3DLSL1'),
('1BM14EC062', '15MA3GCAEM'),
('1BM14EC062', '15ES3GCLCA'),
('1BM14EC062', '15ES3GCAME'),
('1BM14EC062', '15ES3GCDEC'),
('1BM14EC062', '15ES3GCFAW'),
('1BM14EC062', '15EC3DLSL1'),
('1BM14EC063', '15MA3GCAEM'),
('1BM14EC063', '15ES3GCLCA'),
('1BM14EC063', '15ES3GCAME'),
('1BM14EC063', '15ES3GCDEC'),
('1BM14EC063', '15ES3GCFAW'),
('1BM14EC063', '15EC3DLSL1'),
('1BM14EC064', '15MA3GCAEM'),
('1BM14EC064', '15ES3GCLCA'),
('1BM14EC064', '15ES3GCAME'),
('1BM14EC064', '15ES3GCDEC'),
('1BM14EC064', '15ES3GCFAW'),
('1BM14EC064', '15EC3DLSL1'),
('1BM14EC065', '15MA3GCAEM'),
('1BM14EC065', '15ES3GCLCA'),
('1BM14EC065', '15ES3GCAME'),
('1BM14EC065', '15ES3GCDEC'),
('1BM14EC065', '15ES3GCFAW'),
('1BM14EC065', '15EC3DLSL1'),
('1BM14EC066', '15MA3GCAEM'),
('1BM14EC066', '15ES3GCLCA'),
('1BM14EC066', '15ES3GCAME'),
('1BM14EC066', '15ES3GCDEC'),
('1BM14EC066', '15ES3GCFAW'),
('1BM14EC066', '15EC3DLSL1'),
('1BM14EC067', '15MA3GCAEM'),
('1BM14EC067', '15ES3GCLCA'),
('1BM14EC067', '15ES3GCAME'),
('1BM14EC067', '15ES3GCDEC'),
('1BM14EC067', '15ES3GCFAW'),
('1BM14EC067', '15EC3DLSL1'),
('1BM14EC068', '15MA3GCAEM'),
('1BM14EC068', '15ES3GCLCA'),
('1BM14EC068', '15ES3GCAME'),
('1BM14EC068', '15ES3GCDEC'),
('1BM14EC068', '15ES3GCFAW'),
('1BM14EC068', '15EC3DLSL1'),
('1BM14EC069', '15MA3GCAEM'),
('1BM14EC069', '15ES3GCLCA'),
('1BM14EC069', '15ES3GCAME'),
('1BM14EC069', '15ES3GCDEC'),
('1BM14EC069', '15ES3GCFAW'),
('1BM14EC069', '15EC3DLSL1'),
('1BM14EC070', '15MA3GCAEM'),
('1BM14EC070', '15ES3GCLCA'),
('1BM14EC070', '15ES3GCAME'),
('1BM14EC070', '15ES3GCDEC'),
('1BM14EC070', '15ES3GCFAW'),
('1BM14EC070', '15EC3DLSL1'),
('1BM14EC071', '15MA3GCAEM'),
('1BM14EC071', '15ES3GCLCA'),
('1BM14EC071', '15ES3GCAME'),
('1BM14EC071', '15ES3GCDEC'),
('1BM14EC071', '15ES3GCFAW'),
('1BM14EC071', '15EC3DLSL1'),
('1BM14EC072', '15MA3GCAEM'),
('1BM14EC072', '15ES3GCLCA'),
('1BM14EC072', '15ES3GCAME'),
('1BM14EC072', '15ES3GCDEC'),
('1BM14EC072', '15ES3GCFAW'),
('1BM14EC072', '15EC3DLSL1'),
('1BM14EC073', '15MA3GCAEM'),
('1BM14EC073', '15ES3GCLCA'),
('1BM14EC073', '15ES3GCAME'),
('1BM14EC073', '15ES3GCDEC'),
('1BM14EC073', '15ES3GCFAW'),
('1BM14EC073', '15EC3DLSL1');
INSERT INTO `StudentSubject` (`USN`, `CourseCode`) VALUES
('1BM14EC074', '15MA3GCAEM'),
('1BM14EC074', '15ES3GCLCA'),
('1BM14EC074', '15ES3GCAME'),
('1BM14EC074', '15ES3GCDEC'),
('1BM14EC074', '15ES3GCFAW'),
('1BM14EC074', '15EC3DLSL1'),
('1BM14EC075', '15MA3GCAEM'),
('1BM14EC075', '15ES3GCLCA'),
('1BM14EC075', '15ES3GCAME'),
('1BM14EC075', '15ES3GCDEC'),
('1BM14EC075', '15ES3GCFAW'),
('1BM14EC075', '15EC3DLSL1'),
('1BM14EC076', '15MA3GCAEM'),
('1BM14EC076', '15ES3GCLCA'),
('1BM14EC076', '15ES3GCAME'),
('1BM14EC076', '15ES3GCDEC'),
('1BM14EC076', '15ES3GCFAW'),
('1BM14EC076', '15EC3DLSL1'),
('1BM14EC077', '15MA3GCAEM'),
('1BM14EC077', '15ES3GCLCA'),
('1BM14EC077', '15ES3GCAME'),
('1BM14EC077', '15ES3GCDEC'),
('1BM14EC077', '15ES3GCFAW'),
('1BM14EC077', '15EC3DLSL1'),
('1BM14EC078', '15MA3GCAEM'),
('1BM14EC078', '15ES3GCLCA'),
('1BM14EC078', '15ES3GCAME'),
('1BM14EC078', '15ES3GCDEC'),
('1BM14EC078', '15ES3GCFAW'),
('1BM14EC078', '15EC3DLSL1'),
('1BM14EC080', '15MA3GCAEM'),
('1BM14EC080', '15ES3GCLCA'),
('1BM14EC080', '15ES3GCAME'),
('1BM14EC080', '15ES3GCDEC'),
('1BM14EC080', '15ES3GCFAW'),
('1BM14EC080', '15EC3DLSL1'),
('1BM14EC081', '15MA3GCAEM'),
('1BM14EC081', '15ES3GCLCA'),
('1BM14EC081', '15ES3GCAME'),
('1BM14EC081', '15ES3GCDEC'),
('1BM14EC081', '15ES3GCFAW'),
('1BM14EC081', '15EC3DLSL1'),
('1BM14EC082', '15MA3GCAEM'),
('1BM14EC082', '15ES3GCLCA'),
('1BM14EC082', '15ES3GCAME'),
('1BM14EC082', '15ES3GCDEC'),
('1BM14EC082', '15ES3GCFAW'),
('1BM14EC082', '15EC3DLSL1'),
('1BM14EC083', '15MA3GCAEM'),
('1BM14EC083', '15ES3GCLCA'),
('1BM14EC083', '15ES3GCAME'),
('1BM14EC083', '15ES3GCDEC'),
('1BM14EC083', '15ES3GCFAW'),
('1BM14EC083', '15EC3DLSL1'),
('1BM14EC084', '15MA3GCAEM'),
('1BM14EC084', '15ES3GCLCA'),
('1BM14EC084', '15ES3GCAME'),
('1BM14EC084', '15ES3GCDEC'),
('1BM14EC084', '15ES3GCFAW'),
('1BM14EC084', '15EC3DLSL1'),
('1BM14EC085', '15MA3GCAEM'),
('1BM14EC085', '15ES3GCLCA'),
('1BM14EC085', '15ES3GCAME'),
('1BM14EC085', '15ES3GCDEC'),
('1BM14EC085', '15ES3GCFAW'),
('1BM14EC085', '15EC3DLSL1'),
('1BM14EC086', '15MA3GCAEM'),
('1BM14EC086', '15ES3GCLCA'),
('1BM14EC086', '15ES3GCAME'),
('1BM14EC086', '15ES3GCDEC'),
('1BM14EC086', '15ES3GCFAW'),
('1BM14EC086', '15EC3DLSL1'),
('1BM14EC087', '15MA3GCAEM'),
('1BM14EC087', '15ES3GCLCA'),
('1BM14EC087', '15ES3GCAME'),
('1BM14EC087', '15ES3GCDEC'),
('1BM14EC087', '15ES3GCFAW'),
('1BM14EC087', '15EC3DLSL1'),
('1BM14EC088', '15MA3GCAEM'),
('1BM14EC088', '15ES3GCLCA'),
('1BM14EC088', '15ES3GCAME'),
('1BM14EC088', '15ES3GCDEC'),
('1BM14EC088', '15ES3GCFAW'),
('1BM14EC088', '15EC3DLSL1'),
('1BM14EC089', '15MA3GCAEM'),
('1BM14EC089', '15ES3GCLCA'),
('1BM14EC089', '15ES3GCAME'),
('1BM14EC089', '15ES3GCDEC'),
('1BM14EC089', '15ES3GCFAW'),
('1BM14EC089', '15EC3DLSL1'),
('1BM14EC090', '15MA3GCAEM'),
('1BM14EC090', '15ES3GCLCA'),
('1BM14EC090', '15ES3GCAME'),
('1BM14EC090', '15ES3GCDEC'),
('1BM14EC090', '15ES3GCFAW'),
('1BM14EC090', '15EC3DLSL1'),
('1BM14EC091', '15MA3GCAEM'),
('1BM14EC091', '15ES3GCLCA'),
('1BM14EC091', '15ES3GCAME'),
('1BM14EC091', '15ES3GCDEC'),
('1BM14EC091', '15ES3GCFAW'),
('1BM14EC091', '15EC3DLSL1'),
('1BM14EC092', '15MA3GCAEM'),
('1BM14EC092', '15ES3GCLCA'),
('1BM14EC092', '15ES3GCAME'),
('1BM14EC092', '15ES3GCDEC'),
('1BM14EC092', '15ES3GCFAW'),
('1BM14EC092', '15EC3DLSL1'),
('1BM14EC093', '15MA3GCAEM'),
('1BM14EC093', '15ES3GCLCA'),
('1BM14EC093', '15ES3GCAME'),
('1BM14EC093', '15ES3GCDEC'),
('1BM14EC093', '15ES3GCFAW'),
('1BM14EC093', '15EC3DLSL1'),
('1BM14EC094', '15MA3GCAEM'),
('1BM14EC094', '15ES3GCLCA'),
('1BM14EC094', '15ES3GCAME'),
('1BM14EC094', '15ES3GCDEC'),
('1BM14EC094', '15ES3GCFAW'),
('1BM14EC094', '15EC3DLSL1'),
('1BM14EC095', '15MA3GCAEM'),
('1BM14EC095', '15ES3GCLCA'),
('1BM14EC095', '15ES3GCAME'),
('1BM14EC095', '15ES3GCDEC'),
('1BM14EC095', '15ES3GCFAW'),
('1BM14EC095', '15EC3DLSL1'),
('1BM14EC096', '15MA3GCAEM'),
('1BM14EC096', '15ES3GCLCA'),
('1BM14EC096', '15ES3GCAME'),
('1BM14EC096', '15ES3GCDEC'),
('1BM14EC096', '15ES3GCFAW'),
('1BM14EC096', '15EC3DLSL1'),
('1BM14EC097', '15MA3GCAEM'),
('1BM14EC097', '15ES3GCLCA'),
('1BM14EC097', '15ES3GCAME'),
('1BM14EC097', '15ES3GCDEC'),
('1BM14EC097', '15ES3GCFAW'),
('1BM14EC097', '15EC3DLSL1'),
('1BM14EC098', '15MA3GCAEM'),
('1BM14EC098', '15ES3GCLCA'),
('1BM14EC098', '15ES3GCAME'),
('1BM14EC098', '15ES3GCDEC'),
('1BM14EC098', '15ES3GCFAW'),
('1BM14EC098', '15EC3DLSL1'),
('1BM14EC099', '15MA3GCAEM'),
('1BM14EC099', '15ES3GCLCA'),
('1BM14EC099', '15ES3GCAME'),
('1BM14EC099', '15ES3GCDEC'),
('1BM14EC099', '15ES3GCFAW'),
('1BM14EC099', '15EC3DLSL1'),
('1BM14EC100', '15MA3GCAEM'),
('1BM14EC100', '15ES3GCLCA'),
('1BM14EC100', '15ES3GCAME'),
('1BM14EC100', '15ES3GCDEC'),
('1BM14EC100', '15ES3GCFAW'),
('1BM14EC100', '15EC3DLSL1'),
('1BM14EC101', '15MA3GCAEM'),
('1BM14EC101', '15ES3GCLCA'),
('1BM14EC101', '15ES3GCAME'),
('1BM14EC101', '15ES3GCDEC'),
('1BM14EC101', '15ES3GCFAW'),
('1BM14EC101', '15EC3DLSL1'),
('1BM14EC102', '15MA3GCAEM'),
('1BM14EC102', '15ES3GCLCA'),
('1BM14EC102', '15ES3GCAME'),
('1BM14EC102', '15ES3GCDEC'),
('1BM14EC102', '15ES3GCFAW'),
('1BM14EC102', '15EC3DLSL1'),
('1BM14EC103', '15MA3GCAEM'),
('1BM14EC103', '15ES3GCLCA'),
('1BM14EC103', '15ES3GCAME'),
('1BM14EC103', '15ES3GCDEC'),
('1BM14EC103', '15ES3GCFAW'),
('1BM14EC103', '15EC3DLSL1'),
('1BM14EC104', '15MA3GCAEM'),
('1BM14EC104', '15ES3GCLCA'),
('1BM14EC104', '15ES3GCAME'),
('1BM14EC104', '15ES3GCDEC'),
('1BM14EC104', '15ES3GCFAW'),
('1BM14EC104', '15EC3DLSL1'),
('1BM14EC105', '15MA3GCAEM'),
('1BM14EC105', '15ES3GCLCA'),
('1BM14EC105', '15ES3GCAME'),
('1BM14EC105', '15ES3GCDEC'),
('1BM14EC105', '15ES3GCFAW'),
('1BM14EC105', '15EC3DLSL1'),
('1BM14EC106', '15MA3GCAEM'),
('1BM14EC106', '15ES3GCLCA'),
('1BM14EC106', '15ES3GCAME'),
('1BM14EC106', '15ES3GCDEC'),
('1BM14EC106', '15ES3GCFAW'),
('1BM14EC106', '15EC3DLSL1'),
('1BM14EC107', '15MA3GCAEM'),
('1BM14EC107', '15ES3GCLCA'),
('1BM14EC107', '15ES3GCAME'),
('1BM14EC107', '15ES3GCDEC'),
('1BM14EC107', '15ES3GCFAW'),
('1BM14EC107', '15EC3DLSL1'),
('1BM14EC108', '15MA3GCAEM'),
('1BM14EC108', '15ES3GCLCA'),
('1BM14EC108', '15ES3GCAME'),
('1BM14EC108', '15ES3GCDEC'),
('1BM14EC108', '15ES3GCFAW'),
('1BM14EC108', '15EC3DLSL1'),
('1BM14EC109', '15MA3GCAEM'),
('1BM14EC109', '15ES3GCLCA'),
('1BM14EC109', '15ES3GCAME'),
('1BM14EC109', '15ES3GCDEC'),
('1BM14EC109', '15ES3GCFAW'),
('1BM14EC109', '15EC3DLSL1'),
('1BM14EC110', '15MA3GCAEM'),
('1BM14EC110', '15ES3GCLCA'),
('1BM14EC110', '15ES3GCAME'),
('1BM14EC110', '15ES3GCDEC'),
('1BM14EC110', '15ES3GCFAW'),
('1BM14EC110', '15EC3DLSL1'),
('1BM14EC111', '15MA3GCAEM'),
('1BM14EC111', '15ES3GCLCA'),
('1BM14EC111', '15ES3GCAME'),
('1BM14EC111', '15ES3GCDEC'),
('1BM14EC111', '15ES3GCFAW'),
('1BM14EC111', '15EC3DLSL1'),
('1BM14EC112', '15MA3GCAEM'),
('1BM14EC112', '15ES3GCLCA'),
('1BM14EC112', '15ES3GCAME'),
('1BM14EC112', '15ES3GCDEC'),
('1BM14EC112', '15ES3GCFAW'),
('1BM14EC112', '15EC3DLSL1'),
('1BM14EC113', '15MA3GCAEM'),
('1BM14EC113', '15ES3GCLCA'),
('1BM14EC113', '15ES3GCAME'),
('1BM14EC113', '15ES3GCDEC'),
('1BM14EC113', '15ES3GCFAW'),
('1BM14EC113', '15EC3DLSL1'),
('1BM14EC114', '15MA3GCAEM'),
('1BM14EC114', '15ES3GCLCA'),
('1BM14EC114', '15ES3GCAME'),
('1BM14EC114', '15ES3GCDEC'),
('1BM14EC114', '15ES3GCFAW'),
('1BM14EC114', '15EC3DLSL1'),
('1BM14EC115', '15MA3GCAEM'),
('1BM14EC115', '15ES3GCLCA'),
('1BM14EC115', '15ES3GCAME'),
('1BM14EC115', '15ES3GCDEC'),
('1BM14EC115', '15ES3GCFAW'),
('1BM14EC115', '15EC3DLSL1'),
('1BM14EC116', '15MA3GCAEM'),
('1BM14EC116', '15ES3GCLCA'),
('1BM14EC116', '15ES3GCAME'),
('1BM14EC116', '15ES3GCDEC'),
('1BM14EC116', '15ES3GCFAW'),
('1BM14EC116', '15EC3DLSL1'),
('1BM14EC117', '15MA3GCAEM'),
('1BM14EC117', '15ES3GCLCA'),
('1BM14EC117', '15ES3GCAME'),
('1BM14EC117', '15ES3GCDEC'),
('1BM14EC117', '15ES3GCFAW'),
('1BM14EC117', '15EC3DLSL1'),
('1BM14EC118', '15MA3GCAEM'),
('1BM14EC118', '15ES3GCLCA'),
('1BM14EC118', '15ES3GCAME'),
('1BM14EC118', '15ES3GCDEC'),
('1BM14EC118', '15ES3GCFAW'),
('1BM14EC118', '15EC3DLSL1'),
('1BM14EC119', '15MA3GCAEM'),
('1BM14EC119', '15ES3GCLCA'),
('1BM14EC119', '15ES3GCAME'),
('1BM14EC119', '15ES3GCDEC'),
('1BM14EC119', '15ES3GCFAW'),
('1BM14EC119', '15EC3DLSL1'),
('1BM14EC120', '15MA3GCAEM'),
('1BM14EC120', '15ES3GCLCA'),
('1BM14EC120', '15ES3GCAME'),
('1BM14EC120', '15ES3GCDEC'),
('1BM14EC120', '15ES3GCFAW'),
('1BM14EC120', '15EC3DLSL1'),
('1BM14EC121', '15MA3GCAEM'),
('1BM14EC121', '15ES3GCLCA'),
('1BM14EC121', '15ES3GCAME'),
('1BM14EC121', '15ES3GCDEC'),
('1BM14EC121', '15ES3GCFAW'),
('1BM14EC121', '15EC3DLSL1'),
('1BM14EC122', '15MA3GCAEM'),
('1BM14EC122', '15ES3GCLCA'),
('1BM14EC122', '15ES3GCAME'),
('1BM14EC122', '15ES3GCDEC'),
('1BM14EC122', '15ES3GCFAW'),
('1BM14EC122', '15EC3DLSL1'),
('1BM14EC123', '15MA3GCAEM'),
('1BM14EC123', '15ES3GCLCA'),
('1BM14EC123', '15ES3GCAME'),
('1BM14EC123', '15ES3GCDEC'),
('1BM14EC123', '15ES3GCFAW'),
('1BM14EC123', '15EC3DLSL1'),
('1BM14EC124', '15MA3GCAEM'),
('1BM14EC124', '15ES3GCLCA'),
('1BM14EC124', '15ES3GCAME'),
('1BM14EC124', '15ES3GCDEC'),
('1BM14EC124', '15ES3GCFAW'),
('1BM14EC124', '15EC3DLSL1'),
('1BM14EC125', '15MA3GCAEM'),
('1BM14EC125', '15ES3GCLCA'),
('1BM14EC125', '15ES3GCAME'),
('1BM14EC125', '15ES3GCDEC'),
('1BM14EC125', '15ES3GCFAW'),
('1BM14EC125', '15EC3DLSL1'),
('1BM14EC126', '15MA3GCAEM'),
('1BM14EC126', '15ES3GCLCA'),
('1BM14EC126', '15ES3GCAME'),
('1BM14EC126', '15ES3GCDEC'),
('1BM14EC126', '15ES3GCFAW'),
('1BM14EC126', '15EC3DLSL1'),
('1BM14EC127', '15MA3GCAEM'),
('1BM14EC127', '15ES3GCLCA'),
('1BM14EC127', '15ES3GCAME'),
('1BM14EC127', '15ES3GCDEC'),
('1BM14EC127', '15ES3GCFAW'),
('1BM14EC127', '15EC3DLSL1'),
('1BM14EC128', '15MA3GCAEM'),
('1BM14EC128', '15ES3GCLCA'),
('1BM14EC128', '15ES3GCAME'),
('1BM14EC128', '15ES3GCDEC'),
('1BM14EC128', '15ES3GCFAW'),
('1BM14EC128', '15EC3DLSL1'),
('1BM14EC129', '15MA3GCAEM'),
('1BM14EC129', '15ES3GCLCA'),
('1BM14EC129', '15ES3GCAME'),
('1BM14EC129', '15ES3GCDEC'),
('1BM14EC129', '15ES3GCFAW'),
('1BM14EC129', '15EC3DLSL1'),
('1BM14EC130', '15MA3GCAEM'),
('1BM14EC130', '15ES3GCLCA'),
('1BM14EC130', '15ES3GCAME'),
('1BM14EC130', '15ES3GCDEC'),
('1BM14EC130', '15ES3GCFAW'),
('1BM14EC130', '15EC3DLSL1'),
('1BM14EC131', '15MA3GCAEM'),
('1BM14EC131', '15ES3GCLCA'),
('1BM14EC131', '15ES3GCAME'),
('1BM14EC131', '15ES3GCDEC'),
('1BM14EC131', '15ES3GCFAW'),
('1BM14EC131', '15EC3DLSL1'),
('1BM14EC132', '15MA3GCAEM'),
('1BM14EC132', '15ES3GCLCA'),
('1BM14EC132', '15ES3GCAME'),
('1BM14EC132', '15ES3GCDEC'),
('1BM14EC132', '15ES3GCFAW'),
('1BM14EC132', '15EC3DLSL1'),
('1BM14EC133', '15MA3GCAEM'),
('1BM14EC133', '15ES3GCLCA'),
('1BM14EC133', '15ES3GCAME'),
('1BM14EC133', '15ES3GCDEC'),
('1BM14EC133', '15ES3GCFAW'),
('1BM14EC133', '15EC3DLSL1'),
('1BM14EC134', '15MA3GCAEM'),
('1BM14EC134', '15ES3GCLCA'),
('1BM14EC134', '15ES3GCAME'),
('1BM14EC134', '15ES3GCDEC'),
('1BM14EC134', '15ES3GCFAW'),
('1BM14EC134', '15EC3DLSL1'),
('1BM14EC135', '15MA3GCAEM'),
('1BM14EC135', '15ES3GCLCA'),
('1BM14EC135', '15ES3GCAME'),
('1BM14EC135', '15ES3GCDEC'),
('1BM14EC135', '15ES3GCFAW'),
('1BM14EC135', '15EC3DLSL1'),
('1BM14EC136', '15MA3GCAEM'),
('1BM14EC136', '15ES3GCLCA'),
('1BM14EC136', '15ES3GCAME'),
('1BM14EC136', '15ES3GCDEC'),
('1BM14EC136', '15ES3GCFAW'),
('1BM14EC136', '15EC3DLSL1'),
('1BM14EC137', '15MA3GCAEM'),
('1BM14EC137', '15ES3GCLCA'),
('1BM14EC137', '15ES3GCAME'),
('1BM14EC137', '15ES3GCDEC'),
('1BM14EC137', '15ES3GCFAW'),
('1BM14EC137', '15EC3DLSL1'),
('1BM14EC138', '15MA3GCAEM'),
('1BM14EC138', '15ES3GCLCA'),
('1BM14EC138', '15ES3GCAME'),
('1BM14EC138', '15ES3GCDEC'),
('1BM14EC138', '15ES3GCFAW'),
('1BM14EC138', '15EC3DLSL1'),
('1BM14EC139', '15MA3GCAEM'),
('1BM14EC139', '15ES3GCLCA'),
('1BM14EC139', '15ES3GCAME'),
('1BM14EC139', '15ES3GCDEC'),
('1BM14EC139', '15ES3GCFAW'),
('1BM14EC139', '15EC3DLSL1'),
('1BM14EC140', '15MA3GCAEM'),
('1BM14EC140', '15ES3GCLCA'),
('1BM14EC140', '15ES3GCAME'),
('1BM14EC140', '15ES3GCDEC'),
('1BM14EC140', '15ES3GCFAW'),
('1BM14EC140', '15EC3DLSL1'),
('1BM14EC0141', '15MA3GCAEM'),
('1BM14EC0141', '15ES3GCLCA'),
('1BM14EC0141', '15ES3GCAME'),
('1BM14EC0141', '15ES3GCDEC'),
('1BM14EC0141', '15ES3GCFAW'),
('1BM14EC0141', '15EC3DLSL1'),
('1BM14EC142', '15MA3GCAEM'),
('1BM14EC142', '15ES3GCLCA'),
('1BM14EC142', '15ES3GCAME'),
('1BM14EC142', '15ES3GCDEC'),
('1BM14EC142', '15ES3GCFAW'),
('1BM14EC142', '15EC3DLSL1'),
('1BM14EC143', '15MA3GCAEM'),
('1BM14EC143', '15ES3GCLCA'),
('1BM14EC143', '15ES3GCAME'),
('1BM14EC143', '15ES3GCDEC'),
('1BM14EC143', '15ES3GCFAW'),
('1BM14EC143', '15EC3DLSL1'),
('1BM14EC145', '15MA3GCAEM'),
('1BM14EC145', '15ES3GCLCA'),
('1BM14EC145', '15ES3GCAME'),
('1BM14EC145', '15ES3GCDEC'),
('1BM14EC145', '15ES3GCFAW'),
('1BM14EC145', '15EC3DLSL1'),
('15BM03EC001', '15MA3GCAEM'),
('15BM03EC001', '15ES3GCLCA'),
('15BM03EC001', '15ES3GCAME'),
('15BM03EC001', '15ES3GCDEC'),
('15BM03EC001', '15ES3GCFAW'),
('15BM03EC001', '15EC3DLSL1'),
('15BM03EC002', '15MA3GCAEM'),
('15BM03EC002', '15ES3GCLCA'),
('15BM03EC002', '15ES3GCAME'),
('15BM03EC002', '15ES3GCDEC'),
('15BM03EC002', '15ES3GCFAW'),
('15BM03EC002', '15EC3DLSL1'),
('15BM03EC003', '15MA3GCAEM'),
('15BM03EC003', '15ES3GCLCA'),
('15BM03EC003', '15ES3GCAME'),
('15BM03EC003', '15ES3GCDEC'),
('15BM03EC003', '15ES3GCFAW'),
('15BM03EC003', '15EC3DLSL1'),
('15BM03EC004', '15MA3GCAEM'),
('15BM03EC004', '15ES3GCLCA'),
('15BM03EC004', '15ES3GCAME'),
('15BM03EC004', '15ES3GCDEC'),
('15BM03EC004', '15ES3GCFAW'),
('15BM03EC004', '15EC3DLSL1'),
('15BM03EC005', '15MA3GCAEM'),
('15BM03EC005', '15ES3GCLCA'),
('15BM03EC005', '15ES3GCAME'),
('15BM03EC005', '15ES3GCDEC'),
('15BM03EC005', '15ES3GCFAW'),
('15BM03EC005', '15EC3DLSL1'),
('15BM03EC006', '15MA3GCAEM'),
('15BM03EC006', '15ES3GCLCA'),
('15BM03EC006', '15ES3GCAME'),
('15BM03EC006', '15ES3GCDEC'),
('15BM03EC006', '15ES3GCFAW'),
('15BM03EC006', '15EC3DLSL1'),
('15BM03EC007', '15MA3GCAEM'),
('15BM03EC007', '15ES3GCLCA'),
('15BM03EC007', '15ES3GCAME'),
('15BM03EC007', '15ES3GCDEC'),
('15BM03EC007', '15ES3GCFAW'),
('15BM03EC007', '15EC3DLSL1'),
('15BM03EC008', '15MA3GCAEM'),
('15BM03EC008', '15ES3GCLCA'),
('15BM03EC008', '15ES3GCAME'),
('15BM03EC008', '15ES3GCDEC'),
('15BM03EC008', '15ES3GCFAW'),
('15BM03EC008', '15EC3DLSL1'),
('15BM03EC009', '15MA3GCAEM'),
('15BM03EC009', '15ES3GCLCA'),
('15BM03EC009', '15ES3GCAME'),
('15BM03EC009', '15ES3GCDEC'),
('15BM03EC009', '15ES3GCFAW'),
('15BM03EC009', '15EC3DLSL1'),
('15BM03EC010', '15MA3GCAEM'),
('15BM03EC010', '15ES3GCLCA'),
('15BM03EC010', '15ES3GCAME'),
('15BM03EC010', '15ES3GCDEC'),
('15BM03EC010', '15ES3GCFAW'),
('15BM03EC010', '15EC3DLSL1'),
('15BM03EC011', '15MA3GCAEM'),
('15BM03EC011', '15ES3GCLCA'),
('15BM03EC011', '15ES3GCAME'),
('15BM03EC011', '15ES3GCDEC'),
('15BM03EC011', '15ES3GCFAW'),
('15BM03EC011', '15EC3DLSL1'),
('15BM03EC012', '15MA3GCAEM'),
('15BM03EC012', '15ES3GCLCA'),
('15BM03EC012', '15ES3GCAME'),
('15BM03EC012', '15ES3GCDEC'),
('15BM03EC012', '15ES3GCFAW'),
('15BM03EC012', '15EC3DLSL1'),
('15BM03EC013', '15MA3GCAEM'),
('15BM03EC013', '15ES3GCLCA'),
('15BM03EC013', '15ES3GCAME'),
('15BM03EC013', '15ES3GCDEC'),
('15BM03EC013', '15ES3GCFAW'),
('15BM03EC013', '15EC3DLSL1'),
('15BM03EC014', '15MA3GCAEM'),
('15BM03EC014', '15ES3GCLCA'),
('15BM03EC014', '15ES3GCAME'),
('15BM03EC014', '15ES3GCDEC'),
('15BM03EC014', '15ES3GCFAW'),
('15BM03EC014', '15EC3DLSL1'),
('15BM03EC015', '15MA3GCAEM'),
('15BM03EC015', '15ES3GCLCA'),
('15BM03EC015', '15ES3GCAME'),
('15BM03EC015', '15ES3GCDEC'),
('15BM03EC015', '15ES3GCFAW'),
('15BM03EC015', '15EC3DLSL1'),
('15BM03EC016', '15MA3GCAEM'),
('15BM03EC016', '15ES3GCLCA'),
('15BM03EC016', '15ES3GCAME'),
('15BM03EC016', '15ES3GCDEC'),
('15BM03EC016', '15ES3GCFAW'),
('15BM03EC016', '15EC3DLSL1'),
('15BM03EC017', '15MA3GCAEM'),
('15BM03EC017', '15ES3GCLCA'),
('15BM03EC017', '15ES3GCAME'),
('15BM03EC017', '15ES3GCDEC'),
('15BM03EC017', '15ES3GCFAW'),
('15BM03EC017', '15EC3DLSL1'),
('15BM03EC018', '15MA3GCAEM'),
('15BM03EC018', '15ES3GCLCA'),
('15BM03EC018', '15ES3GCAME'),
('15BM03EC018', '15ES3GCDEC'),
('15BM03EC018', '15ES3GCFAW'),
('15BM03EC018', '15EC3DLSL1'),
('15BM03EC019', '15MA3GCAEM'),
('15BM03EC019', '15ES3GCLCA'),
('15BM03EC019', '15ES3GCAME'),
('15BM03EC019', '15ES3GCDEC'),
('15BM03EC019', '15ES3GCFAW'),
('15BM03EC019', '15EC3DLSL1'),
('15BM03EC020', '15MA3GCAEM'),
('15BM03EC020', '15ES3GCLCA'),
('15BM03EC020', '15ES3GCAME'),
('15BM03EC020', '15ES3GCDEC'),
('15BM03EC020', '15ES3GCFAW'),
('15BM03EC020', '15EC3DLSL1'),
('15BM03EC021', '15MA3GCAEM'),
('15BM03EC021', '15ES3GCLCA'),
('15BM03EC021', '15ES3GCAME'),
('15BM03EC021', '15ES3GCDEC'),
('15BM03EC021', '15ES3GCFAW'),
('15BM03EC021', '15EC3DLSL1'),
('15BM03EC022', '15MA3GCAEM'),
('15BM03EC022', '15ES3GCLCA'),
('15BM03EC022', '15ES3GCAME'),
('15BM03EC022', '15ES3GCDEC'),
('15BM03EC022', '15ES3GCFAW'),
('15BM03EC022', '15EC3DLSL1'),
('15BM03EC023', '15MA3GCAEM'),
('15BM03EC023', '15ES3GCLCA'),
('15BM03EC023', '15ES3GCAME'),
('15BM03EC023', '15ES3GCDEC'),
('15BM03EC023', '15ES3GCFAW'),
('15BM03EC023', '15EC3DLSL1'),
('15BM03EC024', '15MA3GCAEM'),
('15BM03EC024', '15ES3GCLCA'),
('15BM03EC024', '15ES3GCAME'),
('15BM03EC024', '15ES3GCDEC'),
('15BM03EC024', '15ES3GCFAW'),
('15BM03EC024', '15EC3DLSL1'),
('15BM03EC025', '15MA3GCAEM'),
('15BM03EC025', '15ES3GCLCA'),
('15BM03EC025', '15ES3GCAME'),
('15BM03EC025', '15ES3GCDEC'),
('15BM03EC025', '15ES3GCFAW'),
('15BM03EC025', '15EC3DLSL1'),
('1BM13EC009', '15MA3GCAEM'),
('1BM13EC009', '15ES3GCLCA'),
('1BM13EC009', '15ES3GCAME'),
('1BM13EC009', '15ES3GCDEC'),
('1BM13EC009', '15ES3GCFAW'),
('1BM13EC009', '15EC3DLSL1'),
('1BM13EC010', '15MA3GCAEM'),
('1BM13EC010', '15ES3GCLCA'),
('1BM13EC010', '15ES3GCAME'),
('1BM13EC010', '15ES3GCDEC'),
('1BM13EC010', '15ES3GCFAW'),
('1BM13EC010', '15EC3DLSL1'),
('1BM13EC082', '15MA3GCAEM'),
('1BM13EC082', '15ES3GCLCA'),
('1BM13EC082', '15ES3GCAME'),
('1BM13EC082', '15ES3GCDEC'),
('1BM13EC082', '15ES3GCFAW'),
('1BM13EC082', '15EC3DLSL1'),
('1BM13EC116', '15MA3GCAEM'),
('1BM13EC116', '15ES3GCLCA'),
('1BM13EC116', '15ES3GCAME'),
('1BM13EC116', '15ES3GCDEC'),
('1BM13EC116', '15ES3GCFAW'),
('1BM13EC116', '15EC3DLSL1'),
('1BM14ME002', '15MA3GCMAT'),
('1BM14ME002', '15ME3DCMSM'),
('1BM14ME002', '15ME3DCSOM'),
('1BM14ME002', '15ME3DCFWT'),
('1BM14ME002', '15ME3DCBTD'),
('1BM14ME002', '15ME3DCFME'),
('1BM14ME003', '15MA3GCMAT'),
('1BM14ME003', '15ME3DCMSM'),
('1BM14ME003', '15ME3DCSOM'),
('1BM14ME003', '15ME3DCFWT'),
('1BM14ME003', '15ME3DCBTD'),
('1BM14ME003', '15ME3DCFME'),
('1BM14ME004', '15MA3GCMAT'),
('1BM14ME004', '15ME3DCMSM'),
('1BM14ME004', '15ME3DCSOM'),
('1BM14ME004', '15ME3DCFWT'),
('1BM14ME004', '15ME3DCBTD'),
('1BM14ME004', '15ME3DCFME'),
('1BM14ME005', '15MA3GCMAT'),
('1BM14ME005', '15ME3DCMSM'),
('1BM14ME005', '15ME3DCSOM'),
('1BM14ME005', '15ME3DCFWT'),
('1BM14ME005', '15ME3DCBTD'),
('1BM14ME005', '15ME3DCFME'),
('1BM14ME006', '15MA3GCMAT'),
('1BM14ME006', '15ME3DCMSM'),
('1BM14ME006', '15ME3DCSOM'),
('1BM14ME006', '15ME3DCFWT'),
('1BM14ME006', '15ME3DCBTD'),
('1BM14ME006', '15ME3DCFME'),
('1BM14ME007', '15MA3GCMAT'),
('1BM14ME007', '15ME3DCMSM'),
('1BM14ME007', '15ME3DCSOM'),
('1BM14ME007', '15ME3DCFWT'),
('1BM14ME007', '15ME3DCBTD'),
('1BM14ME007', '15ME3DCFME'),
('1BM14ME008', '15MA3GCMAT'),
('1BM14ME008', '15ME3DCMSM'),
('1BM14ME008', '15ME3DCSOM'),
('1BM14ME008', '15ME3DCFWT'),
('1BM14ME008', '15ME3DCFME'),
('1BM14ME009', '15MA3GCMAT'),
('1BM14ME009', '15ME3DCMSM'),
('1BM14ME009', '15ME3DCSOM'),
('1BM14ME009', '15ME3DCFWT'),
('1BM14ME009', '15ME3DCFME'),
('1BM14ME011', '15MA3GCMAT'),
('1BM14ME011', '15ME3DCMSM'),
('1BM14ME011', '15ME3DCSOM'),
('1BM14ME011', '15ME3DCFWT'),
('1BM14ME011', '15ME3DCBTD'),
('1BM14ME011', '15ME3DCFME'),
('1BM14ME012', '15MA3GCMAT'),
('1BM14ME012', '15ME3DCMSM'),
('1BM14ME012', '15ME3DCSOM'),
('1BM14ME012', '15ME3DCFWT'),
('1BM14ME012', '15ME3DCBTD'),
('1BM14ME012', '15ME3DCFME'),
('1BM14ME013', '15MA3GCMAT'),
('1BM14ME013', '15ME3DCMSM'),
('1BM14ME013', '15ME3DCSOM'),
('1BM14ME013', '15ME3DCFWT'),
('1BM14ME013', '15ME3DCBTD'),
('1BM14ME013', '15ME3DCFME'),
('1BM14ME014', '15MA3GCMAT'),
('1BM14ME014', '15ME3DCMSM'),
('1BM14ME014', '15ME3DCSOM'),
('1BM14ME014', '15ME3DCFWT'),
('1BM14ME014', '15ME3DCBTD'),
('1BM14ME014', '15ME3DCFME'),
('1BM14ME015', '15MA3GCMAT'),
('1BM14ME015', '15ME3DCMSM'),
('1BM14ME015', '15ME3DCSOM'),
('1BM14ME015', '15ME3DCFWT'),
('1BM14ME015', '15ME3DCBTD'),
('1BM14ME015', '15ME3DCFME'),
('1BM14ME016', '15MA3GCMAT'),
('1BM14ME016', '15ME3DCMSM'),
('1BM14ME016', '15ME3DCSOM'),
('1BM14ME016', '15ME3DCFWT'),
('1BM14ME016', '15ME3DCBTD'),
('1BM14ME016', '15ME3DCFME'),
('1BM14ME017', '15MA3GCMAT'),
('1BM14ME017', '15ME3DCMSM'),
('1BM14ME017', '15ME3DCSOM'),
('1BM14ME017', '15ME3DCFWT'),
('1BM14ME017', '15ME3DCBTD'),
('1BM14ME017', '15ME3DCFME'),
('1BM14ME018', '15MA3GCMAT'),
('1BM14ME018', '15ME3DCMSM'),
('1BM14ME018', '15ME3DCSOM'),
('1BM14ME018', '15ME3DCFWT'),
('1BM14ME018', '15ME3DCBTD'),
('1BM14ME018', '15ME3DCFME'),
('1BM14ME019', '15MA3GCMAT'),
('1BM14ME019', '15ME3DCMSM'),
('1BM14ME019', '15ME3DCSOM'),
('1BM14ME019', '15ME3DCFWT'),
('1BM14ME019', '15ME3DCBTD'),
('1BM14ME019', '15ME3DCFME'),
('1BM14ME020', '15MA3GCMAT'),
('1BM14ME020', '15ME3DCMSM'),
('1BM14ME020', '15ME3DCSOM'),
('1BM14ME020', '15ME3DCFWT'),
('1BM14ME020', '15ME3DCBTD'),
('1BM14ME020', '15ME3DCFME'),
('1BM14ME021', '15MA3GCMAT'),
('1BM14ME021', '15ME3DCMSM'),
('1BM14ME021', '15ME3DCSOM'),
('1BM14ME021', '15ME3DCFWT'),
('1BM14ME021', '15ME3DCBTD'),
('1BM14ME021', '15ME3DCFME'),
('1BM14ME022', '15MA3GCMAT'),
('1BM14ME022', '15ME3DCMSM'),
('1BM14ME022', '15ME3DCSOM'),
('1BM14ME022', '15ME3DCFWT'),
('1BM14ME022', '15ME3DCBTD'),
('1BM14ME022', '15ME3DCFME'),
('1BM14ME023', '15MA3GCMAT'),
('1BM14ME023', '15ME3DCMSM'),
('1BM14ME023', '15ME3DCSOM'),
('1BM14ME023', '15ME3DCFWT'),
('1BM14ME023', '15ME3DCBTD'),
('1BM14ME023', '15ME3DCFME'),
('1BM14ME024', '15MA3GCMAT'),
('1BM14ME024', '15ME3DCMSM'),
('1BM14ME024', '15ME3DCSOM'),
('1BM14ME024', '15ME3DCFWT'),
('1BM14ME024', '15ME3DCBTD'),
('1BM14ME024', '15ME3DCFME'),
('1BM14ME025', '15MA3GCMAT'),
('1BM14ME025', '15ME3DCMSM'),
('1BM14ME025', '15ME3DCSOM'),
('1BM14ME025', '15ME3DCFWT'),
('1BM14ME025', '15ME3DCBTD'),
('1BM14ME025', '15ME3DCFME'),
('1BM14ME026', '15MA3GCMAT'),
('1BM14ME026', '15ME3DCMSM'),
('1BM14ME026', '15ME3DCSOM'),
('1BM14ME026', '15ME3DCFWT'),
('1BM14ME026', '15ME3DCBTD'),
('1BM14ME026', '15ME3DCFME'),
('1BM14ME027', '15MA3GCMAT'),
('1BM14ME027', '15ME3DCMSM'),
('1BM14ME027', '15ME3DCSOM'),
('1BM14ME027', '15ME3DCFWT'),
('1BM14ME027', '15ME3DCBTD'),
('1BM14ME027', '15ME3DCFME'),
('1BM14ME028', '15MA3GCMAT'),
('1BM14ME028', '15ME3DCMSM'),
('1BM14ME028', '15ME3DCSOM'),
('1BM14ME028', '15ME3DCFWT'),
('1BM14ME028', '15ME3DCBTD'),
('1BM14ME028', '15ME3DCFME'),
('1BM14ME029', '15MA3GCMAT'),
('1BM14ME029', '15ME3DCMSM'),
('1BM14ME029', '15ME3DCSOM'),
('1BM14ME029', '15ME3DCFWT'),
('1BM14ME029', '15ME3DCBTD'),
('1BM14ME029', '15ME3DCFME'),
('1BM14ME030', '15MA3GCMAT'),
('1BM14ME030', '15ME3DCMSM'),
('1BM14ME030', '15ME3DCSOM'),
('1BM14ME030', '15ME3DCFWT'),
('1BM14ME030', '15ME3DCFME'),
('1BM14ME031', '15MA3GCMAT'),
('1BM14ME031', '15ME3DCMSM'),
('1BM14ME031', '15ME3DCSOM'),
('1BM14ME031', '15ME3DCFWT'),
('1BM14ME031', '15ME3DCBTD'),
('1BM14ME031', '15ME3DCFME'),
('1BM14ME032', '15MA3GCMAT'),
('1BM14ME032', '15ME3DCMSM'),
('1BM14ME032', '15ME3DCSOM'),
('1BM14ME032', '15ME3DCFWT'),
('1BM14ME032', '15ME3DCBTD'),
('1BM14ME032', '15ME3DCFME'),
('1BM14ME033', '15MA3GCMAT'),
('1BM14ME033', '15ME3DCMSM'),
('1BM14ME033', '15ME3DCSOM'),
('1BM14ME033', '15ME3DCFWT'),
('1BM14ME033', '15ME3DCBTD'),
('1BM14ME033', '15ME3DCFME'),
('1BM14ME034', '15MA3GCMAT'),
('1BM14ME034', '15ME3DCMSM'),
('1BM14ME034', '15ME3DCSOM'),
('1BM14ME034', '15ME3DCFWT'),
('1BM14ME034', '15ME3DCFME'),
('1BM14ME035', '15MA3GCMAT'),
('1BM14ME035', '15ME3DCMSM'),
('1BM14ME035', '15ME3DCSOM'),
('1BM14ME035', '15ME3DCFWT'),
('1BM14ME035', '15ME3DCBTD'),
('1BM14ME035', '15ME3DCFME'),
('1BM14ME036', '15MA3GCMAT'),
('1BM14ME036', '15ME3DCMSM'),
('1BM14ME036', '15ME3DCSOM'),
('1BM14ME036', '15ME3DCFWT'),
('1BM14ME036', '15ME3DCBTD'),
('1BM14ME036', '15ME3DCFME'),
('1BM14ME037', '15MA3GCMAT'),
('1BM14ME037', '15ME3DCMSM'),
('1BM14ME037', '15ME3DCSOM'),
('1BM14ME037', '15ME3DCFWT'),
('1BM14ME037', '15ME3DCBTD'),
('1BM14ME037', '15ME3DCFME'),
('1BM14ME041', '15MA3GCMAT'),
('1BM14ME041', '15ME3DCMSM'),
('1BM14ME041', '15ME3DCSOM'),
('1BM14ME041', '15ME3DCFWT'),
('1BM14ME041', '15ME3DCBTD'),
('1BM14ME041', '15ME3DCFME'),
('1BM14ME042', '15MA3GCMAT'),
('1BM14ME042', '15ME3DCMSM'),
('1BM14ME042', '15ME3DCSOM'),
('1BM14ME042', '15ME3DCFWT'),
('1BM14ME042', '15ME3DCBTD'),
('1BM14ME042', '15ME3DCFME'),
('1BM14ME044', '15MA3GCMAT'),
('1BM14ME044', '15ME3DCMSM'),
('1BM14ME044', '15ME3DCSOM'),
('1BM14ME044', '15ME3DCFWT'),
('1BM14ME044', '15ME3DCBTD'),
('1BM14ME044', '15ME3DCFME'),
('1BM14ME045', '15MA3GCMAT'),
('1BM14ME045', '15ME3DCMSM'),
('1BM14ME045', '15ME3DCSOM'),
('1BM14ME045', '15ME3DCFWT'),
('1BM14ME045', '15ME3DCBTD'),
('1BM14ME045', '15ME3DCFME'),
('1BM14ME046', '15MA3GCMAT'),
('1BM14ME046', '15ME3DCMSM'),
('1BM14ME046', '15ME3DCSOM'),
('1BM14ME046', '15ME3DCFWT'),
('1BM14ME046', '15ME3DCBTD'),
('1BM14ME046', '15ME3DCFME'),
('1BM14ME047', '15MA3GCMAT'),
('1BM14ME047', '15ME3DCMSM'),
('1BM14ME047', '15ME3DCSOM'),
('1BM14ME047', '15ME3DCFWT'),
('1BM14ME047', '15ME3DCBTD'),
('1BM14ME047', '15ME3DCFME'),
('1BM14ME048', '15MA3GCMAT'),
('1BM14ME048', '15ME3DCMSM'),
('1BM14ME048', '15ME3DCSOM'),
('1BM14ME048', '15ME3DCFWT'),
('1BM14ME048', '15ME3DCBTD'),
('1BM14ME048', '15ME3DCFME'),
('1BM14ME049', '15MA3GCMAT'),
('1BM14ME049', '15ME3DCMSM'),
('1BM14ME049', '15ME3DCSOM'),
('1BM14ME049', '15ME3DCFWT'),
('1BM14ME049', '15ME3DCBTD'),
('1BM14ME049', '15ME3DCFME'),
('1BM14ME050', '15MA3GCMAT'),
('1BM14ME050', '15ME3DCMSM'),
('1BM14ME050', '15ME3DCSOM'),
('1BM14ME050', '15ME3DCFWT'),
('1BM14ME050', '15ME3DCBTD'),
('1BM14ME050', '15ME3DCFME'),
('1BM14ME051', '15MA3GCMAT'),
('1BM14ME051', '15ME3DCMSM'),
('1BM14ME051', '15ME3DCSOM'),
('1BM14ME051', '15ME3DCFWT'),
('1BM14ME051', '15ME3DCBTD'),
('1BM14ME051', '15ME3DCFME'),
('1BM14ME053', '15MA3GCMAT'),
('1BM14ME053', '15ME3DCMSM'),
('1BM14ME053', '15ME3DCSOM'),
('1BM14ME053', '15ME3DCFWT'),
('1BM14ME053', '15ME3DCBTD'),
('1BM14ME053', '15ME3DCFME'),
('1BM14ME054', '15MA3GCMAT'),
('1BM14ME054', '15ME3DCMSM'),
('1BM14ME054', '15ME3DCSOM'),
('1BM14ME054', '15ME3DCFWT'),
('1BM14ME054', '15ME3DCBTD'),
('1BM14ME054', '15ME3DCFME'),
('1BM14ME056', '15MA3GCMAT'),
('1BM14ME056', '15ME3DCMSM'),
('1BM14ME056', '15ME3DCSOM'),
('1BM14ME056', '15ME3DCFWT'),
('1BM14ME056', '15ME3DCBTD'),
('1BM14ME056', '15ME3DCFME'),
('1BM14ME057', '15MA3GCMAT'),
('1BM14ME057', '15ME3DCMSM'),
('1BM14ME057', '15ME3DCSOM'),
('1BM14ME057', '15ME3DCFWT'),
('1BM14ME057', '15ME3DCBTD'),
('1BM14ME057', '15ME3DCFME'),
('1BM14ME058', '15MA3GCMAT'),
('1BM14ME058', '15ME3DCMSM'),
('1BM14ME058', '15ME3DCSOM'),
('1BM14ME058', '15ME3DCFWT'),
('1BM14ME058', '15ME3DCBTD'),
('1BM14ME058', '15ME3DCFME'),
('1BM14ME059', '15MA3GCMAT'),
('1BM14ME059', '15ME3DCMSM'),
('1BM14ME059', '15ME3DCSOM'),
('1BM14ME059', '15ME3DCFWT'),
('1BM14ME059', '15ME3DCBTD'),
('1BM14ME059', '15ME3DCFME'),
('1BM14ME060', '15MA3GCMAT'),
('1BM14ME060', '15ME3DCMSM'),
('1BM14ME060', '15ME3DCSOM'),
('1BM14ME060', '15ME3DCFWT'),
('1BM14ME060', '15ME3DCBTD'),
('1BM14ME060', '15ME3DCFME'),
('1BM14ME062', '15MA3GCMAT'),
('1BM14ME062', '15ME3DCMSM'),
('1BM14ME062', '15ME3DCSOM'),
('1BM14ME062', '15ME3DCFWT'),
('1BM14ME062', '15ME3DCBTD'),
('1BM14ME062', '15ME3DCFME'),
('1BM14ME063', '15MA3GCMAT'),
('1BM14ME063', '15ME3DCMSM'),
('1BM14ME063', '15ME3DCSOM'),
('1BM14ME063', '15ME3DCFWT'),
('1BM14ME063', '15ME3DCBTD'),
('1BM14ME064', '15MA3GCMAT'),
('1BM14ME064', '15ME3DCMSM'),
('1BM14ME064', '15ME3DCSOM'),
('1BM14ME064', '15ME3DCFWT'),
('1BM14ME064', '15ME3DCBTD'),
('1BM14ME064', '15ME3DCFME'),
('1BM14ME065', '15MA3GCMAT'),
('1BM14ME065', '15ME3DCMSM'),
('1BM14ME065', '15ME3DCSOM'),
('1BM14ME065', '15ME3DCFWT'),
('1BM14ME065', '15ME3DCBTD'),
('1BM14ME065', '15ME3DCFME'),
('1BM14ME066', '15MA3GCMAT'),
('1BM14ME066', '15ME3DCMSM'),
('1BM14ME066', '15ME3DCSOM'),
('1BM14ME066', '15ME3DCFWT'),
('1BM14ME066', '15ME3DCBTD'),
('1BM14ME066', '15ME3DCFME'),
('1BM14ME069', '15MA3GCMAT'),
('1BM14ME069', '15ME3DCMSM'),
('1BM14ME069', '15ME3DCSOM'),
('1BM14ME069', '15ME3DCFWT'),
('1BM14ME069', '15ME3DCBTD'),
('1BM14ME069', '15ME3DCFME'),
('1BM14ME071', '15MA3GCMAT'),
('1BM14ME071', '15ME3DCMSM'),
('1BM14ME071', '15ME3DCSOM'),
('1BM14ME071', '15ME3DCFWT'),
('1BM14ME071', '15ME3DCBTD'),
('1BM14ME071', '15ME3DCFME'),
('1BM14ME072', '15MA3GCMAT'),
('1BM14ME072', '15ME3DCMSM'),
('1BM14ME072', '15ME3DCSOM'),
('1BM14ME072', '15ME3DCFWT'),
('1BM14ME072', '15ME3DCBTD'),
('1BM14ME072', '15ME3DCFME'),
('1BM14ME073', '15MA3GCMAT'),
('1BM14ME073', '15ME3DCMSM'),
('1BM14ME073', '15ME3DCSOM'),
('1BM14ME073', '15ME3DCFWT'),
('1BM14ME073', '15ME3DCBTD'),
('1BM14ME073', '15ME3DCFME'),
('1BM14ME075', '15MA3GCMAT'),
('1BM14ME075', '15ME3DCMSM'),
('1BM14ME075', '15ME3DCSOM'),
('1BM14ME075', '15ME3DCFWT'),
('1BM14ME075', '15ME3DCBTD'),
('1BM14ME075', '15ME3DCFME'),
('1BM14ME076', '15MA3GCMAT'),
('1BM14ME076', '15ME3DCMSM'),
('1BM14ME076', '15ME3DCSOM'),
('1BM14ME076', '15ME3DCFWT'),
('1BM14ME076', '15ME3DCBTD'),
('1BM14ME076', '15ME3DCFME'),
('1BM14ME077', '15MA3GCMAT'),
('1BM14ME077', '15ME3DCMSM'),
('1BM14ME077', '15ME3DCSOM'),
('1BM14ME077', '15ME3DCFWT'),
('1BM14ME077', '15ME3DCBTD'),
('1BM14ME077', '15ME3DCFME'),
('1BM14ME078', '15MA3GCMAT'),
('1BM14ME078', '15ME3DCMSM'),
('1BM14ME078', '15ME3DCSOM'),
('1BM14ME078', '15ME3DCFWT'),
('1BM14ME078', '15ME3DCBTD'),
('1BM14ME078', '15ME3DCFME'),
('1BM14ME080', '15MA3GCMAT'),
('1BM14ME080', '15ME3DCMSM'),
('1BM14ME080', '15ME3DCSOM'),
('1BM14ME080', '15ME3DCFWT'),
('1BM14ME080', '15ME3DCBTD'),
('1BM14ME080', '15ME3DCFME'),
('1BM14ME081', '15MA3GCMAT'),
('1BM14ME081', '15ME3DCMSM'),
('1BM14ME081', '15ME3DCSOM'),
('1BM14ME081', '15ME3DCFWT'),
('1BM14ME081', '15ME3DCFME'),
('1BM14ME082', '15MA3GCMAT'),
('1BM14ME082', '15ME3DCMSM'),
('1BM14ME082', '15ME3DCSOM'),
('1BM14ME082', '15ME3DCFWT'),
('1BM14ME082', '15ME3DCBTD'),
('1BM14ME082', '15ME3DCFME'),
('1BM14ME083', '15MA3GCMAT'),
('1BM14ME083', '15ME3DCMSM'),
('1BM14ME083', '15ME3DCSOM'),
('1BM14ME083', '15ME3DCFWT'),
('1BM14ME083', '15ME3DCBTD'),
('1BM14ME083', '15ME3DCFME'),
('1BM14ME084', '15MA3GCMAT'),
('1BM14ME084', '15ME3DCMSM'),
('1BM14ME084', '15ME3DCSOM'),
('1BM14ME084', '15ME3DCFWT'),
('1BM14ME084', '15ME3DCBTD'),
('1BM14ME084', '15ME3DCFME'),
('1BM14ME086', '15MA3GCMAT'),
('1BM14ME086', '15ME3DCMSM'),
('1BM14ME086', '15ME3DCSOM'),
('1BM14ME086', '15ME3DCFWT'),
('1BM14ME086', '15ME3DCBTD'),
('1BM14ME086', '15ME3DCFME'),
('1BM14ME087', '15MA3GCMAT'),
('1BM14ME087', '15ME3DCMSM'),
('1BM14ME087', '15ME3DCSOM'),
('1BM14ME087', '15ME3DCFWT'),
('1BM14ME087', '15ME3DCBTD'),
('1BM14ME087', '15ME3DCFME'),
('1BM14ME088', '15MA3GCMAT'),
('1BM14ME088', '15ME3DCMSM'),
('1BM14ME088', '15ME3DCSOM'),
('1BM14ME088', '15ME3DCFWT'),
('1BM14ME088', '15ME3DCBTD'),
('1BM14ME088', '15ME3DCFME'),
('1BM14ME089', '15MA3GCMAT'),
('1BM14ME089', '15ME3DCMSM'),
('1BM14ME089', '15ME3DCSOM'),
('1BM14ME089', '15ME3DCFWT'),
('1BM14ME089', '15ME3DCBTD'),
('1BM14ME089', '15ME3DCFME'),
('1BM14ME090', '15MA3GCMAT'),
('1BM14ME090', '15ME3DCMSM'),
('1BM14ME090', '15ME3DCSOM'),
('1BM14ME090', '15ME3DCFWT'),
('1BM14ME090', '15ME3DCBTD'),
('1BM14ME090', '15ME3DCFME'),
('1BM14ME092', '15MA3GCMAT'),
('1BM14ME092', '15ME3DCMSM'),
('1BM14ME092', '15ME3DCSOM'),
('1BM14ME092', '15ME3DCFWT'),
('1BM14ME092', '15ME3DCBTD'),
('1BM14ME092', '15ME3DCFME'),
('1BM14ME093', '15MA3GCMAT'),
('1BM14ME093', '15ME3DCMSM'),
('1BM14ME093', '15ME3DCSOM'),
('1BM14ME093', '15ME3DCFWT'),
('1BM14ME093', '15ME3DCBTD'),
('1BM14ME093', '15ME3DCFME'),
('1BM14ME094', '15MA3GCMAT'),
('1BM14ME094', '15ME3DCMSM'),
('1BM14ME094', '15ME3DCSOM'),
('1BM14ME094', '15ME3DCFWT'),
('1BM14ME094', '15ME3DCBTD'),
('1BM14ME094', '15ME3DCFME'),
('1BM14ME096', '15MA3GCMAT'),
('1BM14ME096', '15ME3DCMSM'),
('1BM14ME096', '15ME3DCSOM'),
('1BM14ME096', '15ME3DCFWT'),
('1BM14ME096', '15ME3DCBTD'),
('1BM14ME096', '15ME3DCFME'),
('1BM14ME097', '15MA3GCMAT'),
('1BM14ME097', '15ME3DCMSM'),
('1BM14ME097', '15ME3DCSOM'),
('1BM14ME097', '15ME3DCFWT'),
('1BM14ME097', '15ME3DCBTD'),
('1BM14ME097', '15ME3DCFME'),
('1BM14ME098', '15MA3GCMAT'),
('1BM14ME098', '15ME3DCMSM'),
('1BM14ME098', '15ME3DCSOM'),
('1BM14ME098', '15ME3DCFWT'),
('1BM14ME098', '15ME3DCBTD'),
('1BM14ME098', '15ME3DCFME'),
('1BM14ME101', '15MA3GCMAT'),
('1BM14ME101', '15ME3DCMSM'),
('1BM14ME101', '15ME3DCSOM'),
('1BM14ME101', '15ME3DCFWT'),
('1BM14ME101', '15ME3DCBTD'),
('1BM14ME101', '15ME3DCFME'),
('1BM14ME102', '15MA3GCMAT'),
('1BM14ME102', '15ME3DCMSM'),
('1BM14ME102', '15ME3DCSOM'),
('1BM14ME102', '15ME3DCFWT'),
('1BM14ME102', '15ME3DCBTD'),
('1BM14ME102', '15ME3DCFME'),
('1BM14ME103', '15MA3GCMAT'),
('1BM14ME103', '15ME3DCMSM'),
('1BM14ME103', '15ME3DCSOM'),
('1BM14ME103', '15ME3DCFWT'),
('1BM14ME103', '15ME3DCBTD'),
('1BM14ME103', '15ME3DCFME'),
('1BM14ME104', '15MA3GCMAT'),
('1BM14ME104', '15ME3DCMSM'),
('1BM14ME104', '15ME3DCSOM'),
('1BM14ME104', '15ME3DCFWT'),
('1BM14ME104', '15ME3DCBTD'),
('1BM14ME104', '15ME3DCFME'),
('1BM14ME105', '15MA3GCMAT'),
('1BM14ME105', '15ME3DCMSM'),
('1BM14ME105', '15ME3DCSOM'),
('1BM14ME105', '15ME3DCFWT'),
('1BM14ME105', '15ME3DCBTD'),
('1BM14ME105', '15ME3DCFME'),
('1BM14ME106', '15MA3GCMAT'),
('1BM14ME106', '15ME3DCMSM'),
('1BM14ME106', '15ME3DCFWT'),
('1BM14ME106', '15ME3DCFME'),
('1BM14ME107', '15MA3GCMAT'),
('1BM14ME107', '15ME3DCMSM'),
('1BM14ME107', '15ME3DCSOM'),
('1BM14ME107', '15ME3DCFWT'),
('1BM14ME107', '15ME3DCBTD'),
('1BM14ME107', '15ME3DCFME'),
('1BM14ME108', '15MA3GCMAT'),
('1BM14ME108', '15ME3DCMSM'),
('1BM14ME108', '15ME3DCSOM'),
('1BM14ME108', '15ME3DCFWT'),
('1BM14ME108', '15ME3DCBTD'),
('1BM14ME108', '15ME3DCFME'),
('1BM14ME110', '15MA3GCMAT'),
('1BM14ME110', '15ME3DCMSM'),
('1BM14ME110', '15ME3DCSOM'),
('1BM14ME110', '15ME3DCFWT'),
('1BM14ME110', '15ME3DCBTD'),
('1BM14ME110', '15ME3DCFME'),
('1BM14ME111', '15MA3GCMAT'),
('1BM14ME111', '15ME3DCMSM'),
('1BM14ME111', '15ME3DCSOM'),
('1BM14ME111', '15ME3DCFWT'),
('1BM14ME111', '15ME3DCBTD'),
('1BM14ME111', '15ME3DCFME'),
('1BM14ME112', '15MA3GCMAT'),
('1BM14ME112', '15ME3DCMSM'),
('1BM14ME112', '15ME3DCSOM'),
('1BM14ME112', '15ME3DCFWT'),
('1BM14ME112', '15ME3DCBTD'),
('1BM14ME112', '15ME3DCFME'),
('1BM14ME114', '15MA3GCMAT'),
('1BM14ME114', '15ME3DCMSM'),
('1BM14ME114', '15ME3DCSOM'),
('1BM14ME114', '15ME3DCFWT'),
('1BM14ME114', '15ME3DCBTD'),
('1BM14ME114', '15ME3DCFME'),
('1BM14ME115', '15MA3GCMAT'),
('1BM14ME115', '15ME3DCMSM'),
('1BM14ME115', '15ME3DCSOM'),
('1BM14ME115', '15ME3DCFWT'),
('1BM14ME115', '15ME3DCBTD'),
('1BM14ME115', '15ME3DCFME'),
('1BM14ME116', '15MA3GCMAT'),
('1BM14ME116', '15ME3DCMSM'),
('1BM14ME116', '15ME3DCSOM'),
('1BM14ME116', '15ME3DCFWT'),
('1BM14ME116', '15ME3DCBTD'),
('1BM14ME116', '15ME3DCFME'),
('1BM14ME117', '15MA3GCMAT'),
('1BM14ME117', '15ME3DCMSM'),
('1BM14ME117', '15ME3DCSOM'),
('1BM14ME117', '15ME3DCFWT'),
('1BM14ME117', '15ME3DCBTD'),
('1BM14ME117', '15ME3DCFME'),
('1BM14ME119', '15MA3GCMAT'),
('1BM14ME119', '15ME3DCMSM'),
('1BM14ME119', '15ME3DCSOM'),
('1BM14ME119', '15ME3DCFWT'),
('1BM14ME119', '15ME3DCBTD'),
('1BM14ME119', '15ME3DCFME'),
('1BM14ME120', '15MA3GCMAT'),
('1BM14ME120', '15ME3DCMSM'),
('1BM14ME120', '15ME3DCSOM'),
('1BM14ME120', '15ME3DCFWT'),
('1BM14ME120', '15ME3DCBTD'),
('1BM14ME120', '15ME3DCFME'),
('1BM14ME122', '15MA3GCMAT'),
('1BM14ME122', '15ME3DCMSM'),
('1BM14ME122', '15ME3DCFWT'),
('1BM14ME123', '15MA3GCMAT'),
('1BM14ME123', '15ME3DCMSM'),
('1BM14ME123', '15ME3DCFWT'),
('1BM14ME123', '15ME3DCBTD'),
('1BM14ME124', '15MA3GCMAT'),
('1BM14ME124', '15ME3DCMSM'),
('1BM14ME124', '15ME3DCSOM'),
('1BM14ME124', '15ME3DCFWT'),
('1BM14ME124', '15ME3DCBTD'),
('1BM14ME124', '15ME3DCFME'),
('1BM14ME125', '15MA3GCMAT'),
('1BM14ME125', '15ME3DCMSM'),
('1BM14ME125', '15ME3DCSOM'),
('1BM14ME125', '15ME3DCFWT'),
('1BM14ME125', '15ME3DCBTD'),
('1BM14ME125', '15ME3DCFME'),
('1BM14ME126', '15MA3GCMAT'),
('1BM14ME126', '15ME3DCMSM'),
('1BM14ME126', '15ME3DCSOM'),
('1BM14ME126', '15ME3DCFWT'),
('1BM14ME126', '15ME3DCBTD'),
('1BM14ME127', '15MA3GCMAT'),
('1BM14ME127', '15ME3DCMSM'),
('1BM14ME127', '15ME3DCSOM'),
('1BM14ME127', '15ME3DCFWT'),
('1BM14ME127', '15ME3DCBTD'),
('1BM14ME128', '15MA3GCMAT'),
('1BM14ME128', '15ME3DCMSM'),
('1BM14ME128', '15ME3DCSOM'),
('1BM14ME128', '15ME3DCFWT'),
('1BM14ME128', '15ME3DCBTD'),
('1BM14ME128', '15ME3DCFME'),
('1BM14ME129', '15MA3GCMAT'),
('1BM14ME129', '15ME3DCMSM'),
('1BM14ME129', '15ME3DCSOM'),
('1BM14ME129', '15ME3DCFWT'),
('1BM14ME129', '15ME3DCBTD'),
('1BM14ME129', '15ME3DCFME'),
('1BM14ME130', '15MA3GCMAT'),
('1BM14ME130', '15ME3DCMSM'),
('1BM14ME130', '15ME3DCSOM'),
('1BM14ME130', '15ME3DCFWT'),
('1BM14ME130', '15ME3DCBTD'),
('1BM14ME131', '15MA3GCMAT'),
('1BM14ME131', '15ME3DCMSM'),
('1BM14ME131', '15ME3DCSOM'),
('1BM14ME131', '15ME3DCFWT'),
('1BM14ME131', '15ME3DCBTD'),
('1BM14ME131', '15ME3DCFME'),
('1BM14ME132', '15MA3GCMAT'),
('1BM14ME132', '15ME3DCMSM'),
('1BM14ME132', '15ME3DCSOM'),
('1BM14ME132', '15ME3DCFWT'),
('1BM14ME132', '15ME3DCBTD'),
('1BM14ME132', '15ME3DCFME'),
('1BM14ME133', '15MA3GCMAT'),
('1BM14ME133', '15ME3DCMSM'),
('1BM14ME133', '15ME3DCSOM'),
('1BM14ME133', '15ME3DCFWT'),
('1BM14ME133', '15ME3DCBTD'),
('1BM14ME133', '15ME3DCFME'),
('1BM14ME134', '15MA3GCMAT'),
('1BM14ME134', '15ME3DCMSM'),
('1BM14ME134', '15ME3DCSOM'),
('1BM14ME134', '15ME3DCFWT'),
('1BM14ME134', '15ME3DCBTD'),
('1BM14ME134', '15ME3DCFME'),
('1BM14ME135', '15MA3GCMAT'),
('1BM14ME135', '15ME3DCMSM'),
('1BM14ME135', '15ME3DCSOM'),
('1BM14ME135', '15ME3DCFWT'),
('1BM14ME135', '15ME3DCFME'),
('1BM14ME136', '15MA3GCMAT'),
('1BM14ME136', '15ME3DCMSM'),
('1BM14ME136', '15ME3DCSOM'),
('1BM14ME136', '15ME3DCFWT'),
('1BM14ME136', '15ME3DCBTD'),
('1BM14ME136', '15ME3DCFME'),
('1BM14ME137', '15MA3GCMAT'),
('1BM14ME137', '15ME3DCMSM'),
('1BM14ME137', '15ME3DCSOM'),
('1BM14ME137', '15ME3DCFWT'),
('1BM14ME137', '15ME3DCBTD'),
('1BM14ME137', '15ME3DCFME'),
('1BM14ME138', '15MA3GCMAT'),
('1BM14ME138', '15ME3DCMSM'),
('1BM14ME138', '15ME3DCSOM'),
('1BM14ME138', '15ME3DCFWT'),
('1BM14ME138', '15ME3DCBTD'),
('1BM14ME138', '15ME3DCFME'),
('1BM14ME139', '15MA3GCMAT'),
('1BM14ME139', '15ME3DCMSM'),
('1BM14ME139', '15ME3DCSOM'),
('1BM14ME139', '15ME3DCFWT'),
('1BM14ME139', '15ME3DCBTD'),
('1BM14ME139', '15ME3DCFME'),
('1BM14ME140', '15MA3GCMAT'),
('1BM14ME140', '15ME3DCMSM'),
('1BM14ME140', '15ME3DCSOM'),
('1BM14ME140', '15ME3DCFWT'),
('1BM14ME140', '15ME3DCBTD'),
('1BM14ME140', '15ME3DCFME'),
('1BM14ME142', '15MA3GCMAT'),
('1BM14ME142', '15ME3DCMSM'),
('1BM14ME142', '15ME3DCSOM'),
('1BM14ME142', '15ME3DCFWT'),
('1BM14ME142', '15ME3DCBTD'),
('1BM14ME142', '15ME3DCFME'),
('1BM14ME143', '15MA3GCMAT'),
('1BM14ME143', '15ME3DCMSM'),
('1BM14ME143', '15ME3DCFWT'),
('1BM14ME143', '15ME3DCBTD'),
('1BM14ME144', '15MA3GCMAT'),
('1BM14ME144', '15ME3DCMSM'),
('1BM14ME144', '15ME3DCSOM'),
('1BM14ME144', '15ME3DCFWT'),
('1BM14ME144', '15ME3DCBTD'),
('1BM14ME144', '15ME3DCFME'),
('1BM14ME145', '15MA3GCMAT'),
('1BM14ME145', '15ME3DCMSM'),
('1BM14ME145', '15ME3DCSOM'),
('1BM14ME145', '15ME3DCFWT'),
('1BM14ME145', '15ME3DCBTD'),
('1BM14ME145', '15ME3DCFME'),
('1BM14ME146', '15MA3GCMAT'),
('1BM14ME146', '15ME3DCMSM'),
('1BM14ME146', '15ME3DCSOM'),
('1BM14ME146', '15ME3DCFWT'),
('1BM14ME146', '15ME3DCBTD'),
('1BM14ME146', '15ME3DCFME'),
('1BM14ME147', '15MA3GCMAT'),
('1BM14ME147', '15ME3DCMSM'),
('1BM14ME147', '15ME3DCSOM'),
('1BM14ME147', '15ME3DCFWT'),
('1BM14ME147', '15ME3DCBTD'),
('1BM14ME147', '15ME3DCFME'),
('1BM14ME148', '15MA3GCMAT'),
('1BM14ME148', '15ME3DCMSM'),
('1BM14ME148', '15ME3DCSOM'),
('1BM14ME148', '15ME3DCFWT'),
('1BM14ME148', '15ME3DCBTD'),
('1BM14ME148', '15ME3DCFME'),
('1BM14ME149', '15MA3GCMAT'),
('1BM14ME149', '15ME3DCMSM'),
('1BM14ME149', '15ME3DCSOM'),
('1BM14ME149', '15ME3DCFWT'),
('1BM14ME149', '15ME3DCBTD'),
('1BM14ME149', '15ME3DCFME'),
('1BM14ME150', '15MA3GCMAT'),
('1BM14ME150', '15ME3DCMSM'),
('1BM14ME150', '15ME3DCSOM'),
('1BM14ME150', '15ME3DCFWT'),
('1BM14ME150', '15ME3DCBTD'),
('1BM14ME150', '15ME3DCFME'),
('1BM14ME152', '15MA3GCMAT'),
('1BM14ME152', '15ME3DCMSM'),
('1BM14ME152', '15ME3DCSOM'),
('1BM14ME152', '15ME3DCFWT'),
('1BM14ME152', '15ME3DCBTD'),
('1BM14ME152', '15ME3DCFME'),
('1BM14ME153', '15MA3GCMAT'),
('1BM14ME153', '15ME3DCMSM'),
('1BM14ME153', '15ME3DCSOM'),
('1BM14ME153', '15ME3DCFWT'),
('1BM14ME153', '15ME3DCBTD'),
('1BM14ME153', '15ME3DCFME'),
('1BM14ME154', '15MA3GCMAT'),
('1BM14ME154', '15ME3DCMSM'),
('1BM14ME154', '15ME3DCSOM'),
('1BM14ME154', '15ME3DCFWT'),
('1BM14ME154', '15ME3DCBTD'),
('1BM14ME154', '15ME3DCFME'),
('1BM14ME155', '15MA3GCMAT'),
('1BM14ME155', '15ME3DCMSM'),
('1BM14ME155', '15ME3DCSOM'),
('1BM14ME155', '15ME3DCFWT'),
('1BM14ME155', '15ME3DCBTD'),
('1BM14ME155', '15ME3DCFME'),
('1BM14ME157', '15MA3GCMAT'),
('1BM14ME157', '15ME3DCMSM'),
('1BM14ME157', '15ME3DCSOM'),
('1BM14ME157', '15ME3DCFWT'),
('1BM14ME157', '15ME3DCBTD'),
('1BM14ME157', '15ME3DCFME'),
('1BM14ME158', '15MA3GCMAT'),
('1BM14ME158', '15ME3DCMSM'),
('1BM14ME158', '15ME3DCSOM'),
('1BM14ME158', '15ME3DCFWT'),
('1BM14ME158', '15ME3DCBTD'),
('1BM14ME158', '15ME3DCFME'),
('1BM14ME159', '15MA3GCMAT'),
('1BM14ME159', '15ME3DCMSM'),
('1BM14ME159', '15ME3DCSOM'),
('1BM14ME159', '15ME3DCFWT'),
('1BM14ME159', '15ME3DCBTD'),
('1BM14ME159', '15ME3DCFME'),
('1BM14ME160', '15MA3GCMAT'),
('1BM14ME160', '15ME3DCMSM'),
('1BM14ME160', '15ME3DCSOM'),
('1BM14ME160', '15ME3DCFWT'),
('1BM14ME160', '15ME3DCBTD'),
('1BM14ME160', '15ME3DCFME'),
('1BM14ME161', '15MA3GCMAT'),
('1BM14ME161', '15ME3DCMSM'),
('1BM14ME161', '15ME3DCSOM'),
('1BM14ME161', '15ME3DCFWT'),
('1BM14ME161', '15ME3DCBTD'),
('1BM14ME161', '15ME3DCFME'),
('1BM14ME162', '15MA3GCMAT'),
('1BM14ME162', '15ME3DCMSM'),
('1BM14ME162', '15ME3DCSOM'),
('1BM14ME162', '15ME3DCFWT'),
('1BM14ME162', '15ME3DCBTD'),
('1BM14ME162', '15ME3DCFME'),
('1BM14ME163', '15MA3GCMAT'),
('1BM14ME163', '15ME3DCMSM'),
('1BM14ME163', '15ME3DCSOM'),
('1BM14ME163', '15ME3DCFWT'),
('1BM14ME163', '15ME3DCBTD'),
('1BM14ME163', '15ME3DCFME'),
('1BM14ME164', '15MA3GCMAT'),
('1BM14ME164', '15ME3DCMSM'),
('1BM14ME164', '15ME3DCSOM'),
('1BM14ME164', '15ME3DCFWT'),
('1BM14ME164', '15ME3DCBTD'),
('1BM14ME164', '15ME3DCFME'),
('1BM14ME165', '15MA3GCMAT'),
('1BM14ME165', '15ME3DCMSM'),
('1BM14ME165', '15ME3DCSOM'),
('1BM14ME165', '15ME3DCFWT'),
('1BM14ME165', '15ME3DCBTD'),
('1BM14ME165', '15ME3DCFME'),
('1BM14ME166', '15MA3GCMAT'),
('1BM14ME166', '15ME3DCMSM'),
('1BM14ME166', '15ME3DCSOM'),
('1BM14ME166', '15ME3DCFWT'),
('1BM14ME166', '15ME3DCBTD'),
('1BM14ME166', '15ME3DCFME'),
('1BM14ME167', '15MA3GCMAT'),
('1BM14ME167', '15ME3DCMSM'),
('1BM14ME167', '15ME3DCSOM'),
('1BM14ME167', '15ME3DCFWT'),
('1BM14ME167', '15ME3DCBTD'),
('1BM14ME167', '15ME3DCFME'),
('1BM14ME168', '15MA3GCMAT'),
('1BM14ME168', '15ME3DCMSM'),
('1BM14ME168', '15ME3DCSOM'),
('1BM14ME168', '15ME3DCFWT'),
('1BM14ME168', '15ME3DCBTD'),
('1BM14ME168', '15ME3DCFME'),
('1BM14ME169', '15MA3GCMAT'),
('1BM14ME169', '15ME3DCMSM'),
('1BM14ME169', '15ME3DCSOM'),
('1BM14ME169', '15ME3DCFWT'),
('1BM14ME169', '15ME3DCBTD'),
('1BM14ME169', '15ME3DCFME'),
('1BM14ME171', '15MA3GCMAT'),
('1BM14ME171', '15ME3DCMSM'),
('1BM14ME171', '15ME3DCSOM'),
('1BM14ME171', '15ME3DCFWT'),
('1BM14ME171', '15ME3DCBTD'),
('1BM14ME171', '15ME3DCFME'),
('1BM14ME172', '15MA3GCMAT'),
('1BM14ME172', '15ME3DCMSM'),
('1BM14ME172', '15ME3DCSOM'),
('1BM14ME172', '15ME3DCFWT'),
('1BM14ME172', '15ME3DCBTD'),
('1BM14ME172', '15ME3DCFME'),
('1BM14ME173', '15MA3GCMAT'),
('1BM14ME173', '15ME3DCMSM'),
('1BM14ME173', '15ME3DCSOM'),
('1BM14ME173', '15ME3DCFWT'),
('1BM14ME173', '15ME3DCBTD'),
('1BM14ME173', '15ME3DCFME'),
('1BM14ME174', '15MA3GCMAT'),
('1BM14ME174', '15ME3DCMSM'),
('1BM14ME174', '15ME3DCSOM'),
('1BM14ME174', '15ME3DCFWT'),
('1BM14ME174', '15ME3DCBTD'),
('1BM14ME174', '15ME3DCFME'),
('1BM14ME176', '15MA3GCMAT'),
('1BM14ME176', '15ME3DCMSM'),
('1BM14ME176', '15ME3DCSOM'),
('1BM14ME176', '15ME3DCFWT'),
('1BM14ME176', '15ME3DCBTD'),
('1BM14ME176', '15ME3DCFME'),
('1BM14ME177', '15MA3GCMAT'),
('1BM14ME177', '15ME3DCMSM'),
('1BM14ME177', '15ME3DCSOM'),
('1BM14ME177', '15ME3DCFWT'),
('1BM14ME177', '15ME3DCBTD'),
('1BM14ME177', '15ME3DCFME'),
('1BM14ME179', '15MA3GCMAT'),
('1BM14ME179', '15ME3DCMSM'),
('1BM14ME179', '15ME3DCSOM'),
('1BM14ME179', '15ME3DCFWT'),
('1BM14ME179', '15ME3DCBTD'),
('1BM14ME179', '15ME3DCFME'),
('1BM14ME180', '15MA3GCMAT'),
('1BM14ME180', '15ME3DCMSM'),
('1BM14ME180', '15ME3DCSOM'),
('1BM14ME180', '15ME3DCFWT'),
('1BM14ME180', '15ME3DCBTD'),
('1BM14ME180', '15ME3DCFME'),
('1BM14ME181', '15MA3GCMAT'),
('1BM14ME181', '15ME3DCMSM'),
('1BM14ME181', '15ME3DCSOM'),
('1BM14ME181', '15ME3DCFWT'),
('1BM14ME181', '15ME3DCBTD'),
('1BM14ME181', '15ME3DCFME'),
('1BM14ME183', '15MA3GCMAT'),
('1BM14ME183', '15ME3DCMSM'),
('1BM14ME183', '15ME3DCSOM'),
('1BM14ME183', '15ME3DCFWT'),
('1BM14ME183', '15ME3DCBTD'),
('1BM14ME183', '15ME3DCFME'),
('1BM14ME184', '15MA3GCMAT'),
('1BM14ME184', '15ME3DCMSM'),
('1BM14ME184', '15ME3DCSOM'),
('1BM14ME184', '15ME3DCFWT'),
('1BM14ME184', '15ME3DCBTD'),
('1BM14ME184', '15ME3DCFME'),
('1BM14ME185', '15MA3GCMAT'),
('1BM14ME185', '15ME3DCMSM'),
('1BM14ME185', '15ME3DCSOM'),
('1BM14ME185', '15ME3DCFWT'),
('1BM14ME185', '15ME3DCBTD'),
('1BM14ME185', '15ME3DCFME'),
('1BM14ME186', '15MA3GCMAT'),
('1BM14ME186', '15ME3DCMSM'),
('1BM14ME186', '15ME3DCFWT'),
('1BM14ME186', '15ME3DCBTD'),
('1BM14ME186', '15ME3DCFME'),
('1BM14ME187', '15MA3GCMAT'),
('1BM14ME187', '15ME3DCMSM'),
('1BM14ME187', '15ME3DCSOM'),
('1BM14ME187', '15ME3DCFWT'),
('1BM14ME187', '15ME3DCBTD'),
('1BM14ME187', '15ME3DCFME'),
('1BM14ME188', '15MA3GCMAT'),
('1BM14ME188', '15ME3DCMSM'),
('1BM14ME188', '15ME3DCFWT'),
('1BM14ME188', '15ME3DCBTD'),
('1BM14ME188', '15ME3DCFME'),
('1BM14ME189', '15MA3GCMAT'),
('1BM14ME189', '15ME3DCMSM'),
('1BM14ME189', '15ME3DCSOM'),
('1BM14ME189', '15ME3DCFWT'),
('1BM14ME189', '15ME3DCBTD'),
('1BM14ME189', '15ME3DCFME'),
('1BM14ME190', '15MA3GCMAT'),
('1BM14ME190', '15ME3DCMSM'),
('1BM14ME190', '15ME3DCSOM'),
('1BM14ME190', '15ME3DCFWT'),
('1BM14ME190', '15ME3DCBTD'),
('1BM14ME190', '15ME3DCFME'),
('1BM14ME191', '15MA3GCMAT'),
('1BM14ME191', '15ME3DCMSM'),
('1BM14ME191', '15ME3DCSOM'),
('1BM14ME191', '15ME3DCFWT'),
('1BM14ME191', '15ME3DCBTD'),
('1BM14ME191', '15ME3DCFME'),
('1BM14ME192', '15MA3GCMAT'),
('1BM14ME192', '15ME3DCMSM'),
('1BM14ME192', '15ME3DCSOM'),
('1BM14ME192', '15ME3DCFWT'),
('1BM14ME192', '15ME3DCBTD'),
('1BM14ME192', '15ME3DCFME'),
('1BM14ME193', '15MA3GCMAT'),
('1BM14ME193', '15ME3DCMSM'),
('1BM14ME193', '15ME3DCSOM'),
('1BM14ME193', '15ME3DCFWT'),
('1BM14ME193', '15ME3DCBTD'),
('1BM14ME193', '15ME3DCFME'),
('1BM14ME195', '15MA3GCMAT'),
('1BM14ME195', '15ME3DCMSM'),
('1BM14ME195', '15ME3DCSOM'),
('1BM14ME195', '15ME3DCFWT'),
('1BM14ME195', '15ME3DCBTD'),
('1BM14ME195', '15ME3DCFME'),
('1BM14ME196', '15MA3GCMAT'),
('1BM14ME196', '15ME3DCMSM'),
('1BM14ME196', '15ME3DCSOM'),
('1BM14ME196', '15ME3DCFWT'),
('1BM14ME196', '15ME3DCBTD'),
('1BM14ME198', '15MA3GCMAT'),
('1BM14ME198', '15ME3DCMSM'),
('1BM14ME198', '15ME3DCSOM'),
('1BM14ME198', '15ME3DCFWT'),
('1BM14ME198', '15ME3DCBTD'),
('1BM14ME198', '15ME3DCFME'),
('1BM14ME200', '15MA3GCMAT'),
('1BM14ME200', '15ME3DCMSM'),
('1BM14ME200', '15ME3DCSOM'),
('1BM14ME200', '15ME3DCFWT'),
('1BM14ME200', '15ME3DCBTD'),
('1BM14ME200', '15ME3DCFME'),
('1BM14ME202', '15MA3GCMAT'),
('1BM14ME202', '15ME3DCMSM'),
('1BM14ME202', '15ME3DCSOM'),
('1BM14ME202', '15ME3DCFWT'),
('1BM14ME202', '15ME3DCBTD'),
('1BM14ME202', '15ME3DCFME'),
('1BM14ME203', '15MA3GCMAT'),
('1BM14ME203', '15ME3DCMSM'),
('1BM14ME203', '15ME3DCSOM'),
('1BM14ME203', '15ME3DCFWT'),
('1BM14ME203', '15ME3DCBTD'),
('1BM14ME203', '15ME3DCFME'),
('1BM14ME205', '15MA3GCMAT'),
('1BM14ME205', '15ME3DCMSM'),
('1BM14ME205', '15ME3DCSOM'),
('1BM14ME205', '15ME3DCFWT'),
('1BM14ME205', '15ME3DCBTD'),
('1BM14ME205', '15ME3DCFME'),
('1BM14ME206', '15MA3GCMAT'),
('1BM14ME206', '15ME3DCMSM'),
('1BM14ME206', '15ME3DCSOM'),
('1BM14ME206', '15ME3DCFWT'),
('1BM14ME206', '15ME3DCBTD'),
('1BM14ME206', '15ME3DCFME'),
('1BM14ME419', '15MA3GCMAT'),
('1BM14ME419', '15ME3DCMSM'),
('1BM14ME419', '15ME3DCSOM'),
('1BM14ME419', '15ME3DCFWT'),
('1BM14ME419', '15ME3DCBTD'),
('1BM14ME419', '15ME3DCFME'),
('1BM14ME423', '15ME3DCMSM'),
('1BM14ME423', '15ME3DCSOM'),
('1BM14ME423', '15ME3DCFWT'),
('1BM14ME423', '15ME3DCBTD'),
('1BM13ME020', '15MA3GCMAT'),
('1BM13ME020', '15ME3DCMSM'),
('1BM13ME020', '15ME3DCSOM'),
('1BM13ME020', '15ME3DCFWT'),
('1BM13ME020', '15ME3DCFME'),
('1BM13ME040', '15MA3GCMAT'),
('1BM13ME040', '15ME3DCMSM'),
('1BM13ME040', '15ME3DCSOM'),
('1BM13ME040', '15ME3DCFWT'),
('1BM13ME040', '15ME3DCBTD'),
('1BM13ME040', '15ME3DCFME'),
('1BM12ME020', '15MA3GCMAT'),
('1BM12ME020', '15ME3DCMSM'),
('1BM12ME020', '15ME3DCSOM'),
('1BM12ME020', '15ME3DCFWT'),
('1BM12ME020', '15ME3DCBTD'),
('1BM12ME020', '15ME3DCFME'),
('1BM12ME059', '15ME3DCMSM'),
('1BM12ME059', '15ME3DCSOM'),
('1BM12ME059', '15ME3DCFWT'),
('1BM10ME114', '15MA3GCMAT'),
('1BM10ME114', '15ME3DCMSM'),
('1BM10ME114', '15ME3DCSOM'),
('1BM10ME114', '15ME3DCFWT'),
('1BM10ME114', '15ME3DCBTD'),
('1BM15ME400', '15MA3GCMAT'),
('1BM15ME400', '15ME3DCMSM'),
('1BM15ME400', '15ME3DCSOM'),
('1BM15ME400', '15ME3DCFWT'),
('1BM15ME400', '15ME3DCBTD'),
('1BM15ME400', '15ME3DCFME'),
('1BM15ME401', '15MA3GCMAT'),
('1BM15ME401', '15ME3DCMSM'),
('1BM15ME401', '15ME3DCSOM'),
('1BM15ME401', '15ME3DCFWT'),
('1BM15ME401', '15ME3DCBTD'),
('1BM15ME401', '15ME3DCFME'),
('1BM15ME402', '15ME3DCSOM'),
('1BM15ME403', '15MA3GCMAT'),
('1BM15ME403', '15ME3DCMSM'),
('1BM15ME403', '15ME3DCSOM'),
('1BM15ME403', '15ME3DCFWT'),
('1BM15ME403', '15ME3DCBTD'),
('1BM15ME403', '15ME3DCFME'),
('1BM15ME404', '15MA3GCMAT'),
('1BM15ME404', '15ME3DCMSM'),
('1BM15ME404', '15ME3DCSOM'),
('1BM15ME404', '15ME3DCFWT'),
('1BM15ME404', '15ME3DCBTD'),
('1BM15ME404', '15ME3DCFME'),
('1BM15ME405', '15MA3GCMAT'),
('1BM15ME405', '15ME3DCMSM'),
('1BM15ME405', '15ME3DCSOM'),
('1BM15ME405', '15ME3DCFWT'),
('1BM15ME405', '15ME3DCBTD'),
('1BM15ME405', '15ME3DCFME'),
('1BM15ME406', '15MA3GCMAT'),
('1BM15ME406', '15ME3DCMSM'),
('1BM15ME406', '15ME3DCSOM'),
('1BM15ME406', '15ME3DCFWT'),
('1BM15ME406', '15ME3DCBTD'),
('1BM15ME406', '15ME3DCFME'),
('1BM15ME407', '15MA3GCMAT'),
('1BM15ME407', '15ME3DCMSM'),
('1BM15ME407', '15ME3DCSOM'),
('1BM15ME407', '15ME3DCFWT'),
('1BM15ME407', '15ME3DCBTD'),
('1BM15ME407', '15ME3DCFME'),
('1BM15ME408', '15MA3GCMAT'),
('1BM15ME408', '15ME3DCMSM'),
('1BM15ME408', '15ME3DCSOM'),
('1BM15ME408', '15ME3DCFWT'),
('1BM15ME408', '15ME3DCBTD'),
('1BM15ME408', '15ME3DCFME'),
('1BM15ME409', '15MA3GCMAT'),
('1BM15ME409', '15ME3DCMSM'),
('1BM15ME409', '15ME3DCSOM'),
('1BM15ME410', '15ME3DCBTD'),
('1BM15ME411', '15MA3GCMAT'),
('1BM15ME411', '15ME3DCMSM'),
('1BM15ME411', '15ME3DCSOM'),
('1BM15ME411', '15ME3DCFWT'),
('1BM15ME411', '15ME3DCBTD'),
('1BM15ME411', '15ME3DCFME'),
('1BM15ME412', '15ME3DCMSM'),
('1BM15ME412', '15ME3DCSOM'),
('1BM15ME412', '15ME3DCFWT'),
('1BM15ME412', '15ME3DCFME'),
('1BM15ME413', '15MA3GCMAT'),
('1BM15ME413', '15ME3DCMSM'),
('1BM15ME413', '15ME3DCSOM'),
('1BM15ME413', '15ME3DCFWT'),
('1BM15ME413', '15ME3DCBTD'),
('1BM15ME413', '15ME3DCFME'),
('1BM15ME414', '15MA3GCMAT'),
('1BM15ME414', '15ME3DCMSM'),
('1BM15ME414', '15ME3DCSOM'),
('1BM15ME414', '15ME3DCFWT'),
('1BM15ME414', '15ME3DCBTD'),
('1BM15ME414', '15ME3DCFME'),
('1BM15ME415', '15MA3GCMAT'),
('1BM15ME415', '15ME3DCMSM'),
('1BM15ME415', '15ME3DCSOM'),
('1BM15ME415', '15ME3DCFWT'),
('1BM15ME415', '15ME3DCBTD'),
('1BM15ME415', '15ME3DCFME'),
('1BM15ME416', '15ME3DCFME'),
('1BM15ME417', '15MA3GCMAT'),
('1BM15ME417', '15ME3DCMSM'),
('1BM15ME417', '15ME3DCSOM'),
('1BM15ME417', '15ME3DCFWT'),
('1BM15ME417', '15ME3DCBTD'),
('1BM15ME417', '15ME3DCFME'),
('1BM15ME418', '15MA3GCMAT'),
('1BM15ME418', '15ME3DCMSM'),
('1BM15ME418', '15ME3DCSOM'),
('1BM15ME418', '15ME3DCFWT'),
('1BM15ME418', '15ME3DCBTD'),
('1BM15ME418', '15ME3DCFME'),
('1BM15ME419', '15MA3GCMAT'),
('1BM15ME419', '15ME3DCMSM'),
('1BM15ME419', '15ME3DCSOM'),
('1BM15ME419', '15ME3DCFWT'),
('1BM15ME419', '15ME3DCBTD'),
('1BM15ME419', '15ME3DCFME'),
('1BM15ME420', '15MA3GCMAT'),
('1BM15ME420', '15ME3DCMSM'),
('1BM15ME420', '15ME3DCSOM'),
('1BM15ME420', '15ME3DCFWT'),
('1BM15ME420', '15ME3DCBTD'),
('1BM15ME420', '15ME3DCFME'),
('1BM15ME421', '15ME3DCMSM'),
('1BM15ME421', '15ME3DCSOM'),
('1BM15ME421', '15ME3DCFWT'),
('1BM15ME421', '15ME3DCBTD'),
('1BM15ME421', '15ME3DCFME'),
('1BM15ME422', '15MA3GCMAT'),
('1BM15ME422', '15ME3DCMSM'),
('1BM15ME422', '15ME3DCSOM'),
('1BM15ME422', '15ME3DCFWT'),
('1BM15ME422', '15ME3DCBTD'),
('1BM15ME422', '15ME3DCFME'),
('1BM15ME423', '15MA3GCMAT'),
('1BM15ME423', '15ME3DCMSM'),
('1BM15ME423', '15ME3DCSOM'),
('1BM15ME423', '15ME3DCFWT'),
('1BM15ME423', '15ME3DCBTD'),
('1BM15ME423', '15ME3DCFME'),
('1BM15ME424', '15MA3GCMAT'),
('1BM15ME424', '15ME3DCMSM'),
('1BM15ME424', '15ME3DCSOM'),
('1BM15ME424', '15ME3DCFWT'),
('1BM15ME424', '15ME3DCBTD'),
('1BM15ME424', '15ME3DCFME'),
('1BM15ME425', '15MA3GCMAT'),
('1BM15ME425', '15ME3DCMSM'),
('1BM15ME425', '15ME3DCSOM'),
('1BM15ME425', '15ME3DCFWT'),
('1BM15ME425', '15ME3DCBTD'),
('1BM15ME425', '15ME3DCFME'),
('1BM15ME426', '15MA3GCMAT'),
('1BM15ME426', '15ME3DCMSM'),
('1BM15ME426', '15ME3DCFWT'),
('1BM15ME426', '15ME3DCBTD'),
('1BM15ME427', '15MA3GCMAT'),
('1BM15ME427', '15ME3DCMSM'),
('1BM15ME427', '15ME3DCSOM'),
('1BM15ME427', '15ME3DCFWT'),
('1BM15ME427', '15ME3DCBTD'),
('1BM15ME427', '15ME3DCFME');
INSERT INTO `StudentSubject` (`USN`, `CourseCode`) VALUES
('1BM15ME428', '15MA3GCMAT'),
('1BM15ME428', '15ME3DCMSM'),
('1BM15ME428', '15ME3DCSOM'),
('1BM15ME428', '15ME3DCFWT'),
('1BM15ME428', '15ME3DCBTD'),
('1BM15ME428', '15ME3DCFME'),
('1BM15ME429', '15MA3GCMAT'),
('1BM15ME429', '15ME3DCMSM'),
('1BM15ME429', '15ME3DCSOM'),
('1BM15ME429', '15ME3DCFWT'),
('1BM15ME429', '15ME3DCBTD'),
('1BM15ME429', '15ME3DCFME'),
('1BM15ME430', '15MA3GCMAT'),
('1BM15ME430', '15ME3DCMSM'),
('1BM15ME430', '15ME3DCSOM'),
('1BM15ME430', '15ME3DCFWT'),
('1BM15ME430', '15ME3DCBTD'),
('1BM15ME430', '15ME3DCFME'),
('1BM15ME431', '15MA3GCMAT'),
('1BM15ME431', '15ME3DCMSM'),
('1BM15ME431', '15ME3DCSOM'),
('1BM15ME431', '15ME3DCFWT'),
('1BM15ME431', '15ME3DCBTD'),
('1BM15ME431', '15ME3DCFME'),
('1BM15ME432', '15MA3GCMAT'),
('1BM15ME432', '15ME3DCMSM'),
('1BM15ME432', '15ME3DCSOM'),
('1BM15ME432', '15ME3DCFWT'),
('1BM15ME432', '15ME3DCBTD'),
('1BM15ME432', '15ME3DCFME'),
('1BM15ME433', '15MA3GCMAT'),
('1BM15ME433', '15ME3DCMSM'),
('1BM15ME433', '15ME3DCSOM'),
('1BM15ME433', '15ME3DCFWT'),
('1BM15ME433', '15ME3DCBTD'),
('1BM15ME433', '15ME3DCFME'),
('1BM15ME434', '15MA3GCMAT'),
('1BM15ME434', '15ME3DCMSM'),
('1BM15ME434', '15ME3DCSOM'),
('1BM15ME434', '15ME3DCFWT'),
('1BM15ME434', '15ME3DCBTD'),
('1BM15ME434', '15ME3DCFME'),
('1BM15ME435', '15MA3GCMAT'),
('1BM15ME435', '15ME3DCMSM'),
('1BM15ME435', '15ME3DCSOM'),
('1BM15ME435', '15ME3DCFWT'),
('1BM15ME435', '15ME3DCBTD'),
('1BM15ME435', '15ME3DCFME'),
('1BM13ME019', '15ME3DCBTD'),
('1BM13ME019', '15ME3DCSOM'),
('1BM14EE002', '15MA3GCAEM'),
('1BM14EE002', '15ES3GCLCA'),
('1BM14EE002', '15ES3GCAME'),
('1BM14EE002', '15ES3GCDEC'),
('1BM14EE002', '15EE3DCFTH'),
('1BM14EE003', '15MA3GCAEM'),
('1BM14EE003', '15ES3GCLCA'),
('1BM14EE003', '15ES3GCAME'),
('1BM14EE003', '15ES3GCDEC'),
('1BM14EE003', '15EE3DCFTH'),
('1BM14EE004', '15MA3GCAEM'),
('1BM14EE004', '15ES3GCLCA'),
('1BM14EE004', '15ES3GCAME'),
('1BM14EE004', '15ES3GCDEC'),
('1BM14EE004', '15EE3DCFTH'),
('1BM14EE005', '15MA3GCAEM'),
('1BM14EE005', '15ES3GCLCA'),
('1BM14EE005', '15ES3GCAME'),
('1BM14EE005', '15ES3GCDEC'),
('1BM14EE005', '15EE3DCFTH'),
('1BM14EE006', '15MA3GCAEM'),
('1BM14EE006', '15ES3GCLCA'),
('1BM14EE006', '15ES3GCAME'),
('1BM14EE006', '15ES3GCDEC'),
('1BM14EE006', '15EE3DCFTH'),
('1BM14EE007', '15MA3GCAEM'),
('1BM14EE007', '15ES3GCLCA'),
('1BM14EE007', '15ES3GCAME'),
('1BM14EE007', '15ES3GCDEC'),
('1BM14EE007', '15EE3DCFTH'),
('1BM14EE008', '15MA3GCAEM'),
('1BM14EE008', '15ES3GCLCA'),
('1BM14EE008', '15ES3GCAME'),
('1BM14EE008', '15ES3GCDEC'),
('1BM14EE008', '15EE3DCFTH'),
('1BM14EE009', '15MA3GCAEM'),
('1BM14EE009', '15ES3GCLCA'),
('1BM14EE009', '15ES3GCAME'),
('1BM14EE009', '15ES3GCDEC'),
('1BM14EE009', '15EE3DCFTH'),
('1BM14EE010', '15MA3GCAEM'),
('1BM14EE010', '15ES3GCLCA'),
('1BM14EE010', '15ES3GCAME'),
('1BM14EE010', '15ES3GCDEC'),
('1BM14EE010', '15EE3DCFTH'),
('1BM14EE012', '15MA3GCAEM'),
('1BM14EE012', '15ES3GCLCA'),
('1BM14EE012', '15ES3GCAME'),
('1BM14EE012', '15ES3GCDEC'),
('1BM14EE012', '15EE3DCFTH'),
('1BM14EE013', '15MA3GCAEM'),
('1BM14EE013', '15ES3GCLCA'),
('1BM14EE013', '15ES3GCAME'),
('1BM14EE013', '15ES3GCDEC'),
('1BM14EE013', '15EE3DCFTH'),
('1BM14EE014', '15MA3GCAEM'),
('1BM14EE014', '15ES3GCLCA'),
('1BM14EE014', '15ES3GCAME'),
('1BM14EE014', '15ES3GCDEC'),
('1BM14EE014', '15EE3DCFTH'),
('1BM14EE015', '15MA3GCAEM'),
('1BM14EE015', '15ES3GCLCA'),
('1BM14EE015', '15ES3GCAME'),
('1BM14EE015', '15ES3GCDEC'),
('1BM14EE015', '15EE3DCFTH'),
('1BM14EE016', '15MA3GCAEM'),
('1BM14EE016', '15ES3GCLCA'),
('1BM14EE016', '15ES3GCAME'),
('1BM14EE016', '15ES3GCDEC'),
('1BM14EE016', '15EE3DCFTH'),
('1BM14EE017', '15MA3GCAEM'),
('1BM14EE017', '15ES3GCLCA'),
('1BM14EE017', '15ES3GCAME'),
('1BM14EE017', '15ES3GCDEC'),
('1BM14EE017', '15EE3DCFTH'),
('1BM14EE018', '15MA3GCAEM'),
('1BM14EE018', '15ES3GCLCA'),
('1BM14EE018', '15ES3GCAME'),
('1BM14EE018', '15ES3GCDEC'),
('1BM14EE018', '15EE3DCFTH'),
('1BM14EE019', '15MA3GCAEM'),
('1BM14EE019', '15ES3GCLCA'),
('1BM14EE019', '15ES3GCAME'),
('1BM14EE019', '15ES3GCDEC'),
('1BM14EE019', '15EE3DCFTH'),
('1BM14EE020', '15MA3GCAEM'),
('1BM14EE020', '15ES3GCLCA'),
('1BM14EE020', '15ES3GCAME'),
('1BM14EE020', '15ES3GCDEC'),
('1BM14EE020', '15EE3DCFTH'),
('1BM14EE021', '15MA3GCAEM'),
('1BM14EE021', '15ES3GCLCA'),
('1BM14EE021', '15ES3GCAME'),
('1BM14EE021', '15ES3GCDEC'),
('1BM14EE021', '15EE3DCFTH'),
('1BM14EE022', '15MA3GCAEM'),
('1BM14EE022', '15ES3GCLCA'),
('1BM14EE022', '15ES3GCAME'),
('1BM14EE022', '15ES3GCDEC'),
('1BM14EE022', '15EE3DCFTH'),
('1BM14EE023', '15MA3GCAEM'),
('1BM14EE023', '15ES3GCLCA'),
('1BM14EE023', '15ES3GCAME'),
('1BM14EE023', '15ES3GCDEC'),
('1BM14EE023', '15EE3DCFTH'),
('1BM14EE024', '15MA3GCAEM'),
('1BM14EE024', '15ES3GCLCA'),
('1BM14EE024', '15ES3GCAME'),
('1BM14EE024', '15ES3GCDEC'),
('1BM14EE024', '15EE3DCFTH'),
('1BM14EE025', '15MA3GCAEM'),
('1BM14EE025', '15ES3GCLCA'),
('1BM14EE025', '15ES3GCAME'),
('1BM14EE025', '15ES3GCDEC'),
('1BM14EE025', '15EE3DCFTH'),
('1BM14EE026', '15MA3GCAEM'),
('1BM14EE026', '15ES3GCLCA'),
('1BM14EE026', '15ES3GCAME'),
('1BM14EE026', '15ES3GCDEC'),
('1BM14EE026', '15EE3DCFTH'),
('1BM14EE027', '15MA3GCAEM'),
('1BM14EE027', '15ES3GCLCA'),
('1BM14EE027', '15ES3GCAME'),
('1BM14EE027', '15ES3GCDEC'),
('1BM14EE027', '15EE3DCFTH'),
('1BM14EE028', '15MA3GCAEM'),
('1BM14EE028', '15ES3GCLCA'),
('1BM14EE028', '15ES3GCAME'),
('1BM14EE028', '15ES3GCDEC'),
('1BM14EE028', '15EE3DCFTH'),
('1BM14EE029', '15MA3GCAEM'),
('1BM14EE029', '15ES3GCLCA'),
('1BM14EE029', '15ES3GCAME'),
('1BM14EE029', '15ES3GCDEC'),
('1BM14EE029', '15EE3DCFTH'),
('1BM14EE030', '15MA3GCAEM'),
('1BM14EE030', '15ES3GCLCA'),
('1BM14EE030', '15ES3GCAME'),
('1BM14EE030', '15ES3GCDEC'),
('1BM14EE030', '15EE3DCFTH'),
('1BM14EE031', '15MA3GCAEM'),
('1BM14EE031', '15ES3GCLCA'),
('1BM14EE031', '15ES3GCAME'),
('1BM14EE031', '15ES3GCDEC'),
('1BM14EE031', '15EE3DCFTH'),
('1BM14EE032', '15MA3GCAEM'),
('1BM14EE032', '15ES3GCLCA'),
('1BM14EE032', '15ES3GCAME'),
('1BM14EE032', '15ES3GCDEC'),
('1BM14EE032', '15EE3DCFTH'),
('1BM14EE033', '15MA3GCAEM'),
('1BM14EE033', '15ES3GCLCA'),
('1BM14EE033', '15ES3GCAME'),
('1BM14EE033', '15ES3GCDEC'),
('1BM14EE033', '15EE3DCFTH'),
('1BM14EE034', '15MA3GCAEM'),
('1BM14EE034', '15ES3GCLCA'),
('1BM14EE034', '15ES3GCAME'),
('1BM14EE034', '15ES3GCDEC'),
('1BM14EE034', '15EE3DCFTH'),
('1BM14EE035', '15MA3GCAEM'),
('1BM14EE035', '15ES3GCLCA'),
('1BM14EE035', '15ES3GCAME'),
('1BM14EE035', '15ES3GCDEC'),
('1BM14EE035', '15EE3DCFTH'),
('1BM14EE036', '15MA3GCAEM'),
('1BM14EE036', '15ES3GCLCA'),
('1BM14EE036', '15ES3GCAME'),
('1BM14EE036', '15ES3GCDEC'),
('1BM14EE036', '15EE3DCFTH'),
('1BM14EE038', '15MA3GCAEM'),
('1BM14EE038', '15ES3GCLCA'),
('1BM14EE038', '15ES3GCAME'),
('1BM14EE038', '15ES3GCDEC'),
('1BM14EE038', '15EE3DCFTH'),
('1BM14EE039', '15MA3GCAEM'),
('1BM14EE039', '15ES3GCLCA'),
('1BM14EE039', '15ES3GCAME'),
('1BM14EE039', '15ES3GCDEC'),
('1BM14EE039', '15EE3DCFTH'),
('1BM14EE040', '15MA3GCAEM'),
('1BM14EE040', '15ES3GCLCA'),
('1BM14EE040', '15ES3GCAME'),
('1BM14EE040', '15ES3GCDEC'),
('1BM14EE040', '15EE3DCFTH'),
('1BM14EE041', '15MA3GCAEM'),
('1BM14EE041', '15ES3GCLCA'),
('1BM14EE041', '15ES3GCAME'),
('1BM14EE041', '15ES3GCDEC'),
('1BM14EE041', '15EE3DCFTH'),
('1BM14EE042', '15MA3GCAEM'),
('1BM14EE042', '15ES3GCLCA'),
('1BM14EE042', '15ES3GCAME'),
('1BM14EE042', '15ES3GCDEC'),
('1BM14EE042', '15EE3DCFTH'),
('1BM14EE044', '15MA3GCAEM'),
('1BM14EE044', '15ES3GCLCA'),
('1BM14EE044', '15ES3GCAME'),
('1BM14EE044', '15ES3GCDEC'),
('1BM14EE044', '15EE3DCFTH'),
('1BM14EE045', '15MA3GCAEM'),
('1BM14EE045', '15ES3GCLCA'),
('1BM14EE045', '15ES3GCAME'),
('1BM14EE045', '15ES3GCDEC'),
('1BM14EE045', '15EE3DCFTH'),
('1BM14EE046', '15MA3GCAEM'),
('1BM14EE046', '15ES3GCLCA'),
('1BM14EE046', '15ES3GCAME'),
('1BM14EE046', '15ES3GCDEC'),
('1BM14EE046', '15EE3DCFTH'),
('1BM14EE047', '15MA3GCAEM'),
('1BM14EE047', '15ES3GCLCA'),
('1BM14EE047', '15ES3GCAME'),
('1BM14EE047', '15ES3GCDEC'),
('1BM14EE047', '15EE3DCFTH'),
('1BM14EE048', '15MA3GCAEM'),
('1BM14EE048', '15ES3GCLCA'),
('1BM14EE048', '15ES3GCAME'),
('1BM14EE048', '15ES3GCDEC'),
('1BM14EE048', '15EE3DCFTH'),
('1BM14EE050', '15MA3GCAEM'),
('1BM14EE050', '15ES3GCLCA'),
('1BM14EE050', '15ES3GCAME'),
('1BM14EE050', '15ES3GCDEC'),
('1BM14EE050', '15EE3DCFTH'),
('1BM14EE051', '15MA3GCAEM'),
('1BM14EE051', '15ES3GCLCA'),
('1BM14EE051', '15ES3GCAME'),
('1BM14EE051', '15ES3GCDEC'),
('1BM14EE051', '15EE3DCFTH'),
('1BM14EE052', '15MA3GCAEM'),
('1BM14EE052', '15ES3GCLCA'),
('1BM14EE052', '15ES3GCAME'),
('1BM14EE052', '15ES3GCDEC'),
('1BM14EE052', '15EE3DCFTH'),
('1BM14EE053', '15MA3GCAEM'),
('1BM14EE053', '15ES3GCLCA'),
('1BM14EE053', '15ES3GCAME'),
('1BM14EE053', '15ES3GCDEC'),
('1BM14EE053', '15EE3DCFTH'),
('1BM14EE054', '15MA3GCAEM'),
('1BM14EE054', '15ES3GCLCA'),
('1BM14EE054', '15ES3GCAME'),
('1BM14EE054', '15ES3GCDEC'),
('1BM14EE054', '15EE3DCFTH'),
('1BM14EE055', '15MA3GCAEM'),
('1BM14EE055', '15ES3GCLCA'),
('1BM14EE055', '15ES3GCAME'),
('1BM14EE055', '15ES3GCDEC'),
('1BM14EE055', '15EE3DCFTH'),
('1BM14EE056', '15MA3GCAEM'),
('1BM14EE056', '15ES3GCLCA'),
('1BM14EE056', '15ES3GCAME'),
('1BM14EE056', '15ES3GCDEC'),
('1BM14EE056', '15EE3DCFTH'),
('1BM14EE057', '15MA3GCAEM'),
('1BM14EE057', '15ES3GCLCA'),
('1BM14EE057', '15ES3GCAME'),
('1BM14EE057', '15ES3GCDEC'),
('1BM14EE057', '15EE3DCFTH'),
('1BM14EE058', '15MA3GCAEM'),
('1BM14EE058', '15ES3GCLCA'),
('1BM14EE058', '15ES3GCAME'),
('1BM14EE058', '15ES3GCDEC'),
('1BM14EE058', '15EE3DCFTH'),
('1BM14EE059', '15MA3GCAEM'),
('1BM14EE059', '15ES3GCLCA'),
('1BM14EE059', '15ES3GCAME'),
('1BM14EE059', '15ES3GCDEC'),
('1BM14EE059', '15EE3DCFTH'),
('1BM14EE060', '15MA3GCAEM'),
('1BM14EE060', '15ES3GCLCA'),
('1BM14EE060', '15ES3GCAME'),
('1BM14EE060', '15ES3GCDEC'),
('1BM14EE060', '15EE3DCFTH'),
('1BM14EE061', '15MA3GCAEM'),
('1BM14EE061', '15ES3GCLCA'),
('1BM14EE061', '15ES3GCAME'),
('1BM14EE061', '15ES3GCDEC'),
('1BM14EE061', '15EE3DCFTH'),
('1BM14EE062', '15MA3GCAEM'),
('1BM14EE062', '15ES3GCLCA'),
('1BM14EE062', '15ES3GCAME'),
('1BM14EE062', '15ES3GCDEC'),
('1BM14EE062', '15EE3DCFTH'),
('1BM14EE063', '15MA3GCAEM'),
('1BM14EE063', '15ES3GCLCA'),
('1BM14EE063', '15ES3GCAME'),
('1BM14EE063', '15ES3GCDEC'),
('1BM14EE063', '15EE3DCFTH'),
('1BM14EE064', '15MA3GCAEM'),
('1BM14EE064', '15ES3GCLCA'),
('1BM14EE064', '15ES3GCAME'),
('1BM14EE064', '15ES3GCDEC'),
('1BM14EE064', '15EE3DCFTH'),
('1BM14EE065', '15MA3GCAEM'),
('1BM14EE065', '15ES3GCLCA'),
('1BM14EE065', '15ES3GCAME'),
('1BM14EE065', '15ES3GCDEC'),
('1BM14EE065', '15EE3DCFTH'),
('1BM14EE066', '15MA3GCAEM'),
('1BM14EE066', '15ES3GCLCA'),
('1BM14EE066', '15ES3GCAME'),
('1BM14EE066', '15ES3GCDEC'),
('1BM14EE066', '15EE3DCFTH'),
('1BM14EE067', '15MA3GCAEM'),
('1BM14EE067', '15ES3GCLCA'),
('1BM14EE067', '15ES3GCAME'),
('1BM14EE067', '15ES3GCDEC'),
('1BM14EE067', '15EE3DCFTH'),
('1BM14EE068', '15MA3GCAEM'),
('1BM14EE068', '15ES3GCLCA'),
('1BM14EE068', '15ES3GCAME'),
('1BM14EE068', '15ES3GCDEC'),
('1BM14EE068', '15EE3DCFTH'),
('1BM14EE069', '15MA3GCAEM'),
('1BM14EE069', '15ES3GCLCA'),
('1BM14EE069', '15ES3GCAME'),
('1BM14EE069', '15ES3GCDEC'),
('1BM14EE069', '15EE3DCFTH'),
('1BM14EE070', '15MA3GCAEM'),
('1BM14EE070', '15ES3GCLCA'),
('1BM14EE070', '15ES3GCAME'),
('1BM14EE070', '15ES3GCDEC'),
('1BM14EE070', '15EE3DCFTH'),
('1BM14EE071', '15MA3GCAEM'),
('1BM14EE071', '15ES3GCLCA'),
('1BM14EE071', '15ES3GCAME'),
('1BM14EE071', '15ES3GCDEC'),
('1BM14EE071', '15EE3DCFTH'),
('1BM13EE006', '15MA3GCAEM'),
('1BM13EE006', '15ES3GCLCA'),
('1BM13EE006', '15ES3GCAME'),
('1BM13EE006', '15ES3GCDEC'),
('1BM13EE006', '15EE3DCFTH'),
('1BM13EE044', '15MA3GCAEM'),
('1BM13EE044', '15ES3GCLCA'),
('1BM13EE044', '15ES3GCAME'),
('1BM13EE044', '15ES3GCDEC'),
('1BM13EE044', '15EE3DCFTH'),
('1BM14EE408', '15MA3GCAEM'),
('1BM14EE408', '15ES3GCLCA'),
('1BM14EE408', '15ES3GCAME'),
('1BM14EE408', '15ES3GCDEC'),
('1BM14EE408', '15EE3DCFTH'),
('1BM13EE011', '15MA3GCAEM'),
('1BM13EE011', '15ES3GCLCA'),
('1BM13EE011', '15ES3GCDEC'),
('1BM13EE011', '15EE3DCFTH');
